<?xml version="1.0" encoding="UTF-8"?>
<!DOCTYPE collection SYSTEM "BioC.dtd">
<collection>
  <source>Pubmed</source>
  <date>20200306</date>
  <key></key>
  <infon key="BQ_URL">http://www.bioqrator.org</infon>
  <infon key="BQ_NAME">Corona_gold</infon>
  <document>
    <id>31991541</id>
    <infon key="BQ_FROM">PubMed</infon>
    <infon key="BQ_PIESCORE">-0.4251</infon>
    <infon key="BQ_DONE">NO</infon>
    <infon key="BQ_CURATABLE">YES</infon>
    <passage>
      <infon key="type">title</infon>
      <offset>0</offset>
      <text>Return of the Coronavirus: 2019-nCoV. </text>
      <annotation id="A4">
        <infon key="representative_name">SARS-CoV-2</infon>
        <infon key="type">Virus_SARS-CoV-2</infon>
        <infon key="NCBI:txid">2697049</infon>
        <location offset="27" length="9"/>
        <text>2019-nCoV</text>
      </annotation>
      <annotation id="A5">
        <infon key="representative_name">coronavirus</infon>
        <infon key="type">Virus_family</infon>
        <infon key="NCBI:txid">693995</infon>
        <location offset="14" length="11"/>
        <text>Coronavirus</text>
      </annotation>
    </passage>
    <passage>
      <infon key="type">abstract</infon>
      <offset>38</offset>
      <text>The emergence of a novel coronavirus (2019-nCoV) has awakened the echoes of SARS-CoV from nearly two decades ago. Yet, with technological advances and important lessons gained from previous outbreaks, perhaps the world is better equipped to deal with the most recent emergent group 2B coronavirus. </text>
      <annotation id="A2">
        <infon key="type">Virus_other</infon>
        <infon key="NCBI:txid">694009 </infon>
        <location offset="114" length="8"/>
        <text>SARS-CoV</text>
      </annotation>
      <annotation id="A3">
        <infon key="representative_name">SARS-CoV-2</infon>
        <infon key="type">Virus_SARS-CoV-2</infon>
        <infon key="NCBI:txid">2697049</infon>
        <location offset="293" length="41"/>
        <text>most recent emergent group 2B coronavirus</text>
      </annotation>
      <annotation id="A1">
        <infon key="representative_name">SARS-CoV-2</infon>
        <infon key="type">Virus_SARS-CoV-2</infon>
        <infon key="NCBI:txid">2697049</infon>
        <location offset="57" length="17"/>
        <text>novel coronavirus</text>
      </annotation>
      <annotation id="A6">
        <infon key="representative_name">SARS-CoV-2</infon>
        <infon key="type">Virus_SARS-CoV-2</infon>
        <infon key="NCBI:txid">2697049</infon>
        <location offset="76" length="9"/>
        <text>2019-nCoV</text>
      </annotation>
    </passage>
  </document>
  <document>
    <id>32013309</id>
    <infon key="BQ_FROM">PubMed</infon>
    <infon key="BQ_PIESCORE">-0.6238</infon>
    <infon key="BQ_DONE">NO</infon>
    <infon key="BQ_CURATABLE">YES</infon>
    <passage>
      <infon key="type">title</infon>
      <offset>0</offset>
      <text>Mast cells contribute to coronavirus-induced inflammation: new anti-inflammatory strategy. </text>
      <annotation id="A65">
        <infon key="type">Virus_family</infon>
        <infon key="NCBI:txid">693995</infon>
        <location offset="25" length="11"/>
        <text>coronavirus</text>
      </annotation>
      <annotation id="A66">
        <infon key="type">Symptom</infon>
        <location offset="45" length="12"/>
        <text>inflammation</text>
      </annotation>
    </passage>
    <passage>
      <infon key="type">abstract</infon>
      <offset>91</offset>
      <text>Coronavirus, which can cause respiratory syndrome, to date has affected over seventeen thousand individuals, especially in China. Coronavirus is interspecies and can also be transmitted from man to man, with an incubation ranging from 1 to 14 days. Human coronavirus infections can induce not only mild to severe respiratory diseases, but also inflammation, high fever, cough, acute respiratory tract infection and dysfunction of internal organs that may lead to death. Coronavirus infection (regardless of the various types of corona virus) is primarily attacked by immune cells including mast cells (MCs), which are located in the submucosa of the respiratory tract and in the nasal cavity and represent a barrier of protection against microorganisms. Virus activate MCs which release early inflammatory chemical compounds including histamine and protease; while late activation provokes the generation of pro-inflammatory IL-1 family members including IL-1 and IL-33. Here, we propose for the first time that inflammation by coronavirus may be inhibited by anti-inflammatory cytokines belonging to the IL-1 family members. </text>
      <annotation id="A67">
        <infon key="representative_name">SARS-CoV-2</infon>
        <infon key="type">Virus_SARS-CoV-2</infon>
        <infon key="NCBI:txid">2697049</infon>
        <location offset="91" length="11"/>
        <text>Coronavirus</text>
      </annotation>
      <annotation id="A68">
        <infon key="representative_name">respiratory disease</infon>
        <infon key="type">Disease_other</infon>
        <location offset="120" length="20"/>
        <text>respiratory syndrome</text>
      </annotation>
      <annotation id="A69">
        <infon key="representative_name">coronavirus</infon>
        <infon key="type">Virus_family</infon>
        <infon key="NCBI:txid">693995</infon>
        <location offset="221" length="11"/>
        <text>Coronavirus</text>
      </annotation>
      <annotation id="A70">
        <infon key="representative_name">coronavirus infection</infon>
        <infon key="type">Disease_other</infon>
        <location offset="340" length="28"/>
        <text>Human coronavirus infections</text>
      </annotation>
      <annotation id="A71">
        <infon key="representative_name">respiratory disease</infon>
        <infon key="type">Disease_other</infon>
        <location offset="404" length="20"/>
        <text>respiratory diseases</text>
      </annotation>
      <annotation id="A72">
        <infon key="type">Symptom</infon>
        <location offset="435" length="12"/>
        <text>inflammation</text>
      </annotation>
      <annotation id="A73">
        <infon key="type">Symptom</infon>
        <location offset="454" length="5"/>
        <text>fever</text>
      </annotation>
      <annotation id="A74">
        <infon key="type">Symptom</infon>
        <location offset="461" length="5"/>
        <text>cough</text>
      </annotation>
      <annotation id="A75">
        <infon key="representative_name">respiratory disease</infon>
        <infon key="type">Disease_other</infon>
        <location offset="474" length="27"/>
        <text>respiratory tract infection</text>
      </annotation>
      <annotation id="A77">
        <infon key="representative_name">organ dysfunction</infon>
        <infon key="type">Symptom</infon>
        <location offset="506" length="30"/>
        <text>dysfunction of internal organs</text>
      </annotation>
      <annotation id="A78">
        <infon key="type">Symptom</infon>
        <location offset="554" length="5"/>
        <text>death</text>
      </annotation>
      <annotation id="A79">
        <infon key="representative_name">coronavirus infection</infon>
        <infon key="type">Disease_other</infon>
        <location offset="561" length="21"/>
        <text>Coronavirus infection</text>
      </annotation>
      <annotation id="A80">
        <infon key="representative_name">coronavirus</infon>
        <infon key="type">Virus_family</infon>
        <infon key="NCBI:txid">693995</infon>
        <location offset="619" length="12"/>
        <text>corona virus</text>
      </annotation>
      <annotation id="A81">
        <infon key="representative_name">virus</infon>
        <infon key="type">Virus_family</infon>
        <location offset="845" length="5"/>
        <text>Virus</text>
      </annotation>
      <annotation id="A83">
        <infon key="type">Symptom</infon>
        <location offset="1103" length="12"/>
        <text>inflammation</text>
      </annotation>
      <annotation id="A84">
        <infon key="representative_name">IL1A or IL1B</infon>
        <infon key="type">Protein</infon>
        <infon key="Uniprot">P01583 or P01584</infon>
        <location offset="1046" length="4"/>
        <text>IL-1</text>
      </annotation>
      <annotation id="A85">
        <infon key="representative_name">IL33</infon>
        <infon key="type">Protein</infon>
        <infon key="Uniprot">O95760</infon>
        <location offset="1055" length="5"/>
        <text>IL-33</text>
      </annotation>
      <annotation id="A156">
        <infon key="type">Virus_family</infon>
        <location offset="1119" length="11"/>
        <text>coronavirus</text>
      </annotation>
    </passage>
  </document>
  <document>
    <id>32007643</id>
    <infon key="BQ_FROM">PubMed</infon>
    <infon key="BQ_PIESCORE">-0.7921</infon>
    <infon key="BQ_DONE">NO</infon>
    <infon key="BQ_CURATABLE">YES</infon>
    <passage>
      <infon key="type">title</infon>
      <offset>0</offset>
      <text>Preliminary estimation of the basic reproduction number of novel coronavirus (2019-nCoV) in China, from 2019 to 2020: A data-driven analysis in the early phase of the outbreak. </text>
      <annotation id="A104">
        <infon key="representative_name">SARS-CoV-2</infon>
        <infon key="type">Virus_SARS-CoV-2</infon>
        <infon key="NCBI:txid">2697049</infon>
        <location offset="59" length="17"/>
        <text>novel coronavirus</text>
      </annotation>
      <annotation id="A105">
        <infon key="representative_name">SARS-CoV-2</infon>
        <infon key="type">Virus_SARS-CoV-2</infon>
        <infon key="NCBI:txid">2697049</infon>
        <location offset="78" length="9"/>
        <text>2019-nCoV</text>
      </annotation>
    </passage>
    <passage>
      <infon key="type">abstract</infon>
      <offset>177</offset>
      <text>BACKGROUNDS: An ongoing outbreak of a novel coronavirus (2019-nCoV) pneumonia hit a major city in China, Wuhan, December 2019 and subsequently reached other provinces/regions of China and other countries. We present estimates of the basic reproduction number, R0, of 2019-nCoV in the early phase of the outbreak. METHODS: Accounting for the impact of the variations in disease reporting rate, we modelled the epidemic curve of 2019-nCoV cases time series, in mainland China from January 10 to January 24, 2020, through the exponential growth. With the estimated intrinsic growth rate (γ), we estimated R0 by using the serial intervals (SI) of two other well-known coronavirus diseases, MERS and SARS, as approximations for the true unknown SI. FINDINGS: The early outbreak data largely follows the exponential growth. We estimated that the mean R0 ranges from 2.24 (95%CI: 1.96-2.55) to 3.58 (95%CI: 2.89-4.39) associated with 8-fold to 2-fold increase in the reporting rate. We demonstrated that changes in reporting rate substantially affect estimates of R0. CONCLUSION: The mean estimate of R0 for the 2019-nCoV ranges from 2.24 to 3.58, and is significantly larger than 1. Our findings indicate the potential of 2019-nCoV to cause outbreaks. </text>
      <annotation id="A106">
        <infon key="representative_name">COVID-19</infon>
        <infon key="type">Disease_COVID-19</infon>
        <location offset="215" length="39"/>
        <text>novel coronavirus (2019-nCoV) pneumonia</text>
      </annotation>
      <annotation id="A107">
        <infon key="representative_name">SARS-CoV-2</infon>
        <infon key="type">Virus_SARS-CoV-2</infon>
        <infon key="NCBI:txid">2697049</infon>
        <location offset="444" length="9"/>
        <text>2019-nCoV</text>
      </annotation>
      <annotation id="A108">
        <infon key="representative_name">SARS-CoV-2</infon>
        <infon key="type">Virus_SARS-CoV-2</infon>
        <infon key="NCBI:txid">2697049</infon>
        <location offset="604" length="9"/>
        <text>2019-nCoV</text>
      </annotation>
      <annotation id="A109">
        <infon key="representative_name">coronavirus infection</infon>
        <infon key="type">Disease_other</infon>
        <location offset="841" length="20"/>
        <text>coronavirus diseases</text>
      </annotation>
      <annotation id="A110">
        <infon key="type">Disease_other</infon>
        <location offset="863" length="4"/>
        <text>MERS</text>
      </annotation>
      <annotation id="A111">
        <infon key="type">Disease_other</infon>
        <location offset="872" length="4"/>
        <text>SARS</text>
      </annotation>
      <annotation id="A112">
        <infon key="representative_name">SARS-CoV-2</infon>
        <infon key="type">Virus_SARS-CoV-2</infon>
        <infon key="NCBI:txid">2697049</infon>
        <location offset="1282" length="9"/>
        <text>2019-nCoV</text>
      </annotation>
      <annotation id="A113">
        <infon key="representative_name">SARS-CoV-2</infon>
        <infon key="type">Virus_SARS-CoV-2</infon>
        <infon key="NCBI:txid">2697049</infon>
        <location offset="1393" length="9"/>
        <text>2019-nCoV</text>
      </annotation>
    </passage>
  </document>
  <document>
    <id>32036774</id>
    <infon key="BQ_FROM">PubMed</infon>
    <infon key="BQ_PIESCORE">-0.7925</infon>
    <infon key="BQ_DONE">NO</infon>
    <infon key="BQ_CURATABLE">YES</infon>
    <passage>
      <infon key="type">title</infon>
      <offset>0</offset>
      <text>Emerging novel coronavirus (2019-nCoV)-current scenario, evolutionary perspective based on genome analysis and recent developments. </text>
      <annotation id="A114">
        <infon key="representative_name">SARS-CoV-2</infon>
        <infon key="type">Virus_SARS-CoV-2</infon>
        <infon key="NCBI:txid">2697049</infon>
        <location offset="0" length="26"/>
        <text>Emerging novel coronavirus</text>
      </annotation>
      <annotation id="A115">
        <infon key="representative_name">SARS-CoV-2</infon>
        <infon key="type">Virus_SARS-CoV-2</infon>
        <infon key="NCBI:txid">2697049</infon>
        <location offset="28" length="9"/>
        <text>2019-nCoV</text>
      </annotation>
    </passage>
    <passage>
      <infon key="type">abstract</infon>
      <offset>132</offset>
      <text>Coronaviruses are the well-known cause of severe respiratory, enteric and systemic infections in a wide range of hosts including man, mammals, fish, and avian. The scientific interest on coronaviruses increased after the emergence of Severe Acute Respiratory Syndrome coronavirus (SARS-CoV) outbreaks in 2002-2003 followed by Middle East Respiratory Syndrome CoV (MERS-CoV). This decade&#x27;s first CoV, named 2019-nCoV, emerged from Wuhan, China, and declared as &#x27;Public Health Emergency of International Concern&#x27; on January 30th, 2020 by the World Health Organization (WHO). As on February 4, 2020, 425 deaths reported in China only and one death outside China (Philippines). In a short span of time, the virus spread has been noted in 24 countries. The zoonotic transmission (animal-to-human) is suspected as the route of disease origin. The genetic analyses predict bats as the most probable source of 2019-nCoV though further investigations needed to confirm the origin of the novel virus. The ongoing nCoV outbreak highlights the hidden wild animal reservoir of the deadly viruses and possible threat of spillover zoonoses as well. The successful virus isolation attempts have made doors open for developing better diagnostics and effective vaccines helping in combating the spread of the virus to newer areas. </text>
      <annotation id="A116">
        <infon key="representative_name">coronavirus</infon>
        <infon key="type">Virus_family</infon>
        <infon key="NCBI:txid">693995</infon>
        <location offset="132" length="13"/>
        <text>Coronaviruses</text>
      </annotation>
      <annotation id="A117">
        <infon key="representative_name">respiratory infection</infon>
        <infon key="type">Disease_other</infon>
        <location offset="181" length="11"/>
        <text>respiratory</text>
      </annotation>
      <annotation id="A118">
        <infon key="representative_name">enteric infection</infon>
        <infon key="type">Disease_other</infon>
        <location offset="194" length="7"/>
        <text>enteric</text>
      </annotation>
      <annotation id="A119">
        <infon key="representative_name">systemic infection</infon>
        <infon key="type">Disease_other</infon>
        <location offset="206" length="19"/>
        <text>systemic infections</text>
      </annotation>
      <annotation id="A120">
        <infon key="representative_name">coronavirus</infon>
        <infon key="type">Virus_family</infon>
        <infon key="NCBI:txid">693995</infon>
        <location offset="319" length="13"/>
        <text>coronaviruses</text>
      </annotation>
      <annotation id="A121">
        <infon key="representative_name">SARS-CoV</infon>
        <infon key="type">Virus_other</infon>
        <location offset="366" length="45"/>
        <text>Severe Acute Respiratory Syndrome coronavirus</text>
      </annotation>
      <annotation id="A122">
        <infon key="type">Virus_other</infon>
        <location offset="413" length="8"/>
        <text>SARS-CoV</text>
      </annotation>
      <annotation id="A123">
        <infon key="representative_name">MERS-CoV</infon>
        <infon key="type">Virus_other</infon>
        <location offset="458" length="36"/>
        <text>Middle East Respiratory Syndrome CoV</text>
      </annotation>
      <annotation id="A124">
        <infon key="type">Virus_other</infon>
        <infon key="NCBI:txid">1335626</infon>
        <location offset="496" length="8"/>
        <text>MERS-CoV</text>
      </annotation>
      <annotation id="A125">
        <infon key="representative_name">SARS-CoV-2</infon>
        <infon key="type">Virus_SARS-CoV-2</infon>
        <infon key="NCBI:txid">2697049</infon>
        <location offset="507" length="23"/>
        <text>This decade&#x27;s first CoV</text>
      </annotation>
      <annotation id="A126">
        <infon key="representative_name">SARS-CoV-2</infon>
        <infon key="type">Virus_SARS-CoV-2</infon>
        <infon key="NCBI:txid">2697049</infon>
        <location offset="538" length="9"/>
        <text>2019-nCoV</text>
      </annotation>
      <annotation id="A127">
        <infon key="representative_name">SARS-CoV-2</infon>
        <infon key="type">Virus_SARS-CoV-2</infon>
        <infon key="NCBI:txid">2697049</infon>
        <location offset="1034" length="9"/>
        <text>2019-nCoV</text>
      </annotation>
      <annotation id="A128">
        <infon key="representative_name">SARS-CoV-2</infon>
        <infon key="type">Virus_SARS-CoV-2</infon>
        <infon key="NCBI:txid">2697049</infon>
        <location offset="1135" length="4"/>
        <text>nCoV</text>
      </annotation>
      <annotation id="A129">
        <infon key="representative_name">SARS-CoV-2</infon>
        <infon key="type">Virus_SARS-CoV-2</infon>
        <infon key="NCBI:txid">2697049</infon>
        <location offset="1110" length="11"/>
        <text>novel virus</text>
      </annotation>
      <annotation id="A130">
        <infon key="representative_name">virus</infon>
        <infon key="type">Virus_family</infon>
        <location offset="1207" length="7"/>
        <text>viruses</text>
      </annotation>
      <annotation id="A131">
        <infon key="representative_name">SARS-CoV-2</infon>
        <infon key="type">Virus_SARS-CoV-2</infon>
        <infon key="NCBI:txid">2697049</infon>
        <location offset="1281" length="5"/>
        <text>virus</text>
      </annotation>
      <annotation id="A132">
        <infon key="representative_name">SARS-CoV-2</infon>
        <infon key="type">Virus_SARS-CoV-2</infon>
        <infon key="NCBI:txid">2697049</infon>
        <location offset="1423" length="5"/>
        <text>virus</text>
      </annotation>
      <annotation id="A133">
        <infon key="representative_name">SARS-CoV-2</infon>
        <infon key="type">Virus_SARS-CoV-2</infon>
        <infon key="NCBI:txid">2697049</infon>
        <location offset="835" length="5"/>
        <text>virus</text>
      </annotation>
    </passage>
  </document>
  <document>
    <id>31992388</id>
    <infon key="BQ_FROM">PubMed</infon>
    <infon key="BQ_PIESCORE">-0.8058</infon>
    <infon key="BQ_DONE">NO</infon>
    <infon key="BQ_CURATABLE">YES</infon>
    <passage>
      <infon key="type">title</infon>
      <offset>0</offset>
      <text>Real-time tentative assessment of the epidemiological characteristics of novel coronavirus infections in Wuhan, China, as at 22 January 2020. </text>
      <annotation id="A134">
        <infon key="representative_name">COVID-19</infon>
        <infon key="type">Disease_COVID-19</infon>
        <location offset="73" length="28"/>
        <text>novel coronavirus infections</text>
      </annotation>
    </passage>
    <passage>
      <infon key="type">abstract</infon>
      <offset>142</offset>
      <text>A novel coronavirus (2019-nCoV) causing severe acute respiratory disease emerged recently in Wuhan, China. Information on reported cases strongly indicates human-to-human spread, and the most recent information is increasingly indicative of sustained human-to-human transmission. While the overall severity profile among cases may change as more mild cases are identified, we estimate a risk of fatality among hospitalised cases at 14% (95% confidence interval: 3.9-32%). </text>
      <annotation id="A135">
        <infon key="representative_name">SARS-CoV-2</infon>
        <infon key="type">Virus_SARS-CoV-2</infon>
        <infon key="NCBI:txid">2697049</infon>
        <location offset="144" length="17"/>
        <text>novel coronavirus</text>
      </annotation>
      <annotation id="A136">
        <infon key="representative_name">COVID-19</infon>
        <infon key="type">Disease_COVID-19</infon>
        <location offset="182" length="32"/>
        <text>severe acute respiratory disease</text>
      </annotation>
      <annotation id="A137">
        <infon key="representative_name">SARS-CoV-2</infon>
        <infon key="type">Virus_SARS-CoV-2</infon>
        <infon key="NCBI:txid">2697049</infon>
        <location offset="163" length="9"/>
        <text>2019-nCoV</text>
      </annotation>
    </passage>
  </document>
  <document>
    <id>32020836</id>
    <infon key="BQ_FROM">PubMed</infon>
    <infon key="BQ_PIESCORE">-0.8286</infon>
    <infon key="BQ_DONE">NO</infon>
    <infon key="BQ_CURATABLE">YES</infon>
    <passage>
      <infon key="type">title</infon>
      <offset>0</offset>
      <text>RNA based mNGS approach identifies a novel human coronavirus from two individual pneumonia cases in 2019 Wuhan outbreak. </text>
      <annotation id="A86">
        <infon key="representative_name">SARS-CoV-2</infon>
        <infon key="type">Virus_SARS-CoV-2</infon>
        <infon key="NCBI:txid">2697049</infon>
        <location offset="37" length="23"/>
        <text>novel human coronavirus</text>
      </annotation>
      <annotation id="A87">
        <infon key="type">Disease_other</infon>
        <location offset="81" length="9"/>
        <text>pneumonia</text>
      </annotation>
    </passage>
    <passage>
      <infon key="type">abstract</infon>
      <offset>121</offset>
      <text>From December 2019, an outbreak of unusual pneumonia was reported in Wuhan with many cases linked to Huanan Seafood Market that sells seafood as well as live exotic animals. We investigated two patients who developed acute respiratory syndromes after independent contact history with this market. The two patients shared common clinical features including fever, cough, and multiple ground-glass opacities in the bilateral lung field with patchy infiltration. Here, we highlight the use of a low-input metagenomic next-generation sequencing (mNGS) approach on RNA extracted from bronchoalveolar lavage fluid (BALF). It rapidly identified a novel coronavirus (named 2019-nCoV according to World Health Organization announcement) which was the sole pathogens in the sample with very high abundance level (1.5% and 0.62% of total RNA sequenced). The entire viral genome is 29,881 nt in length (GenBank MN988668 and MN988669, Sequence Read Archive database Bioproject accession PRJNA601736) and is classified into β-coronavirus genus. Phylogenetic analysis indicates that 2019-nCoV is close to coronaviruses (CoVs) circulating in Rhinolophus (Horseshoe bats), such as 98.7% nucleotide identity to partial RdRp gene of bat coronavirus strain BtCoV/4991 (GenBank KP876546, 370 nt sequence of RdRp and lack of other genome sequence) and 87.9% nucleotide identity to bat coronavirus strain bat-SL-CoVZC45 and bat-SL-CoVZXC21. Evolutionary analysis based on ORF1a/1b, S, and N genes also suggests 2019-nCoV is more likely a novel CoV independently introduced from animals to humans. </text>
      <annotation id="A88">
        <infon key="type">Disease_other</infon>
        <location offset="164" length="9"/>
        <text>pneumonia</text>
      </annotation>
      <annotation id="A89">
        <infon key="representative_name">respiratory disease</infon>
        <infon key="type">Disease_other</infon>
        <location offset="344" length="21"/>
        <text>respiratory syndromes</text>
      </annotation>
      <annotation id="A90">
        <infon key="type">Symptom</infon>
        <location offset="477" length="5"/>
        <text>fever</text>
      </annotation>
      <annotation id="A91">
        <infon key="type">Symptom</infon>
        <location offset="484" length="5"/>
        <text>cough</text>
      </annotation>
      <annotation id="A92">
        <infon key="representative_name">SARS-CoV-2</infon>
        <infon key="type">Virus_SARS-CoV-2</infon>
        <infon key="NCBI:txid">2697049</infon>
        <location offset="761" length="17"/>
        <text>novel coronavirus</text>
      </annotation>
      <annotation id="A93">
        <infon key="representative_name">SARS-CoV-2</infon>
        <infon key="type">Virus_SARS-CoV-2</infon>
        <infon key="NCBI:txid">2697049</infon>
        <location offset="786" length="9"/>
        <text>2019-nCoV</text>
      </annotation>
      <annotation id="A94">
        <infon key="representative_name">coronavirus</infon>
        <infon key="type">Virus_family</infon>
        <location offset="1131" length="13"/>
        <text>β-coronavirus</text>
      </annotation>
      <annotation id="A95">
        <infon key="representative_name">SARS-CoV-2</infon>
        <infon key="type">Virus_SARS-CoV-2</infon>
        <infon key="NCBI:txid">2697049</infon>
        <location offset="1189" length="9"/>
        <text>2019-nCoV</text>
      </annotation>
      <annotation id="A96">
        <infon key="representative_name">bat coronavirus</infon>
        <infon key="type">Virus_family</infon>
        <location offset="1211" length="13"/>
        <text>coronaviruses</text>
      </annotation>
      <annotation id="A97">
        <infon key="representative_name">coronavirus</infon>
        <infon key="type">Virus_family</infon>
        <location offset="1226" length="4"/>
        <text>CoVs</text>
      </annotation>
      <annotation id="A98">
        <infon key="representative_name">Rhinolophus bat coronavirus BtCoV/4991</infon>
        <infon key="type">Virus_other</infon>
        <infon key="NCBI:txid">1788497</infon>
        <location offset="1335" length="33"/>
        <text>bat coronavirus strain BtCoV/4991</text>
      </annotation>
      <annotation id="A99">
        <infon key="representative_name">bat coronavirus</infon>
        <infon key="type">Virus_other</infon>
        <location offset="1480" length="37"/>
        <text>bat coronavirus strain bat-SL-CoVZC45</text>
      </annotation>
      <annotation id="A100">
        <infon key="representative_name">bat coronavirus</infon>
        <infon key="type">Virus_other</infon>
        <location offset="1522" length="15"/>
        <text>bat-SL-CoVZXC21</text>
      </annotation>
      <annotation id="A101">
        <infon key="representative_name">SARS-CoV-2</infon>
        <infon key="type">Virus_SARS-CoV-2</infon>
        <infon key="NCBI:txid">2697049</infon>
        <location offset="1609" length="9"/>
        <text>2019-nCoV</text>
      </annotation>
      <annotation id="A102">
        <infon key="representative_name">coronavirus</infon>
        <infon key="type">Virus_family</infon>
        <location offset="1642" length="3"/>
        <text>CoV</text>
      </annotation>
      <annotation id="A103">
        <infon key="type">Protein</infon>
        <infon key="Uniprot">A0A126KB67</infon>
        <location offset="1407" length="4"/>
        <text>RdRp</text>
      </annotation>
    </passage>
  </document>
  <document>
    <id>32015508</id>
    <infon key="BQ_FROM">PubMed</infon>
    <infon key="BQ_PIESCORE">-0.8307</infon>
    <infon key="BQ_DONE">NO</infon>
    <infon key="BQ_CURATABLE">YES</infon>
    <passage>
      <infon key="type">title</infon>
      <offset>0</offset>
      <text>A new coronavirus associated with human respiratory disease in China. </text>
      <annotation id="A138">
        <infon key="representative_name">SARS-CoV-2</infon>
        <infon key="type">Virus_SARS-CoV-2</infon>
        <infon key="NCBI:txid">2697049</infon>
        <location offset="2" length="15"/>
        <text>new coronavirus</text>
      </annotation>
      <annotation id="A139">
        <infon key="type">Disease_other</infon>
        <location offset="40" length="19"/>
        <text>respiratory disease</text>
      </annotation>
    </passage>
    <passage>
      <infon key="type">abstract</infon>
      <offset>70</offset>
      <text>Emerging infectious diseases, such as severe acute respiratory syndrome (SARS) and Zika virus disease, present a major threat to public health1-3. Despite intense research efforts, how, when and where new diseases appear are still a source of considerable uncertainty. A severe respiratory disease was recently reported in Wuhan, Hubei province, China. As of 25 January 2020, at least 1,975 cases had been reported since the first patient was hospitalized on 12 December 2019. Epidemiological investigations have suggested that the outbreak was associated with a seafood market in Wuhan. Here we study a single patient who was a worker at the market and who was admitted to the Central Hospital of Wuhan on 26 December 2019 while experiencing a severe respiratory syndrome that included fever, dizziness and a cough. Metagenomic RNA sequencing4 of a sample of bronchoalveolar lavage fluid from the patient identified a new RNA virus strain from the family Coronaviridae, which is designated here &#x27;WH-Human 1&#x27; coronavirus (and has also been referred to as &#x27;2019-nCoV&#x27;). Phylogenetic analysis of the complete viral genome (29,903 nucleotides) revealed that the virus was most closely related (89.1% nucleotide similarity) to a group of SARS-like coronaviruses (genus Betacoronavirus, subgenus Sarbecovirus) that had previously been found in bats in China5. This outbreak highlights the ongoing ability of viral spill-over from animals to cause severe disease in humans. </text>
      <annotation id="A140">
        <infon key="representative_name">infection</infon>
        <infon key="type">Disease_other</infon>
        <location offset="79" length="19"/>
        <text>infectious diseases</text>
      </annotation>
      <annotation id="A141">
        <infon key="representative_name">SARS</infon>
        <infon key="type">Disease_other</infon>
        <location offset="108" length="33"/>
        <text>severe acute respiratory syndrome</text>
      </annotation>
      <annotation id="A142">
        <infon key="type">Disease_other</infon>
        <location offset="143" length="4"/>
        <text>SARS</text>
      </annotation>
      <annotation id="A143">
        <infon key="representative_name">Zika virus infection</infon>
        <infon key="type">Disease_other</infon>
        <location offset="153" length="18"/>
        <text>Zika virus disease</text>
      </annotation>
      <annotation id="A144">
        <infon key="representative_name">COVID-19</infon>
        <infon key="type">Disease_COVID-19</infon>
        <location offset="341" length="26"/>
        <text>severe respiratory disease</text>
      </annotation>
      <annotation id="A145">
        <infon key="representative_name">respiratory disease</infon>
        <infon key="type">Disease_COVID-19</infon>
        <location offset="822" length="20"/>
        <text>respiratory syndrome</text>
      </annotation>
      <annotation id="A146">
        <infon key="type">Symptom</infon>
        <location offset="857" length="5"/>
        <text>fever</text>
      </annotation>
      <annotation id="A147">
        <infon key="type">Symptom</infon>
        <location offset="864" length="9"/>
        <text>dizziness</text>
      </annotation>
      <annotation id="A148">
        <infon key="type">Symptom</infon>
        <location offset="880" length="5"/>
        <text>cough</text>
      </annotation>
      <annotation id="A149">
        <infon key="representative_name">SARS-CoV-2</infon>
        <infon key="type">Virus_SARS-CoV-2</infon>
        <infon key="NCBI:txid">2697049</infon>
        <location offset="989" length="50"/>
        <text>new RNA virus strain from the family Coronaviridae</text>
      </annotation>
      <annotation id="A150">
        <infon key="representative_name">SARS-CoV-2</infon>
        <infon key="type">Virus_SARS-CoV-2</infon>
        <infon key="NCBI:txid">2697049</infon>
        <location offset="1066" length="24"/>
        <text>&#x27;WH-Human 1&#x27; coronavirus</text>
      </annotation>
      <annotation id="A151">
        <infon key="representative_name">SARS-CoV-2</infon>
        <infon key="type">Virus_SARS-CoV-2</infon>
        <infon key="NCBI:txid">2697049</infon>
        <location offset="1126" length="9"/>
        <text>2019-nCoV</text>
      </annotation>
      <annotation id="A152">
        <infon key="representative_name">SARS-CoV-2</infon>
        <infon key="type">Virus_SARS-CoV-2</infon>
        <infon key="NCBI:txid">2697049</infon>
        <location offset="1229" length="5"/>
        <text>virus</text>
      </annotation>
      <annotation id="A153">
        <infon key="representative_name">SARS-related coronavirus</infon>
        <infon key="type">Virus_family</infon>
        <infon key="ncbitax:">694009</infon>
        <location offset="1304" length="23"/>
        <text>SARS-like coronaviruses</text>
      </annotation>
      <annotation id="A154">
        <infon key="representative_name">betacoronavirus</infon>
        <infon key="type">Virus_family</infon>
        <infon key="ncbitax:">694002</infon>
        <location offset="1335" length="15"/>
        <text>Betacoronavirus</text>
      </annotation>
      <annotation id="A155">
        <infon key="representative_name">sarbecovirus</infon>
        <infon key="type">Virus_family</infon>
        <infon key="ncbitax:">2509511</infon>
        <location offset="1361" length="12"/>
        <text>Sarbecovirus</text>
      </annotation>
    </passage>
  </document>
  <document>
    <id>31986264</id>
    <infon key="BQ_FROM">PubMed</infon>
    <infon key="BQ_PIESCORE">-0.8457</infon>
    <infon key="BQ_DONE">NO</infon>
    <infon key="BQ_CURATABLE">YES</infon>
    <passage>
      <infon key="type">title</infon>
      <offset>0</offset>
      <text>Clinical features of patients infected with 2019 novel coronavirus in Wuhan, China. </text>
      <annotation id="A10">
        <infon key="representative_name">SARS-CoV-2</infon>
        <infon key="type">Virus_SARS-CoV-2</infon>
        <location offset="44" length="22"/>
        <text>2019 novel coronavirus</text>
      </annotation>
    </passage>
    <passage>
      <infon key="type">abstract</infon>
      <offset>84</offset>
      <text>BACKGROUND: A recent cluster of pneumonia cases in Wuhan, China, was caused by a novel betacoronavirus, the 2019 novel coronavirus (2019-nCoV). We report the epidemiological, clinical, laboratory, and radiological characteristics and treatment and clinical outcomes of these patients. METHODS: All patients with suspected 2019-nCoV were admitted to a designated hospital in Wuhan. We prospectively collected and analysed data on patients with laboratory-confirmed 2019-nCoV infection by real-time RT-PCR and next-generation sequencing. Data were obtained with standardised data collection forms shared by WHO and the International Severe Acute Respiratory and Emerging Infection Consortium from electronic medical records. Researchers also directly communicated with patients or their families to ascertain epidemiological and symptom data. Outcomes were also compared between patients who had been admitted to the intensive care unit (ICU) and those who had not. FINDINGS: By Jan 2, 2020, 41 admitted hospital patients had been identified as having laboratory-confirmed 2019-nCoV infection. Most of the infected patients were men (30 [73%] of 41); less than half had underlying diseases (13 [32%]), including diabetes (eight [20%]), hypertension (six [15%]), and cardiovascular disease (six [15%]). Median age was 49·0 years (IQR 41·0-58·0). 27 (66%) of 41 patients had been exposed to Huanan seafood market. One family cluster was found. Common symptoms at onset of illness were fever (40 [98%] of 41 patients), cough (31 [76%]), and myalgia or fatigue (18 [44%]); less common symptoms were sputum production (11 [28%] of 39), headache (three [8%] of 38), haemoptysis (two [5%] of 39), and diarrhoea (one [3%] of 38). Dyspnoea developed in 22 (55%) of 40 patients (median time from illness onset to dyspnoea 8·0 days [IQR 5·0-13·0]). 26 (63%) of 41 patients had lymphopenia. All 41 patients had pneumonia with abnormal findings on chest CT. Complications included acute respiratory distress syndrome (12 [29%]), RNAaemia (six [15%]), acute cardiac injury (five [12%]) and secondary infection (four [10%]). 13 (32%) patients were admitted to an ICU and six (15%) died. Compared with non-ICU patients, ICU patients had higher plasma levels of IL2, IL7, IL10, GSCF, IP10, MCP1, MIP1A, and TNFα. INTERPRETATION: The 2019-nCoV infection caused clusters of severe respiratory illness similar to severe acute respiratory syndrome coronavirus and was associated with ICU admission and high mortality. Major gaps in our knowledge of the origin, epidemiology, duration of human transmission, and clinical spectrum of disease need fulfilment by future studies. FUNDING: Ministry of Science and Technology, Chinese Academy of Medical Sciences, National Natural Science Foundation of China, and Beijing Municipal Science and Technology Commission. </text>
      <annotation id="A7">
        <infon key="type">Symptom</infon>
        <location offset="116" length="9"/>
        <text>pneumonia</text>
      </annotation>
      <annotation id="A8">
        <infon key="representative_name">SARS-CoV-2</infon>
        <infon key="type">Virus_SARS-CoV-2</infon>
        <location offset="165" length="21"/>
        <text>novel betacoronavirus</text>
      </annotation>
      <annotation id="A9">
        <infon key="representative_name">SARS-CoV-2</infon>
        <infon key="type">Virus_SARS-CoV-2</infon>
        <location offset="192" length="22"/>
        <text>2019 novel coronavirus</text>
      </annotation>
      <annotation id="A11">
        <infon key="representative_name">SARS-CoV-2</infon>
        <infon key="type">Virus_SARS-CoV-2</infon>
        <location offset="216" length="9"/>
        <text>2019-nCoV</text>
      </annotation>
      <annotation id="A12">
        <infon key="representative_name">SARS-CoV-2</infon>
        <infon key="type">Virus_SARS-CoV-2</infon>
        <location offset="406" length="9"/>
        <text>2019-nCoV</text>
      </annotation>
      <annotation id="A13">
        <infon key="representative_name">COVID-19</infon>
        <infon key="type">Disease_COVID-19</infon>
        <location offset="548" length="19"/>
        <text>2019-nCoV infection</text>
      </annotation>
      <annotation id="A14">
        <infon key="representative_name">COVID-19</infon>
        <infon key="type">Disease_COVID-19</infon>
        <location offset="1155" length="19"/>
        <text>2019-nCoV infection</text>
      </annotation>
      <annotation id="A15">
        <infon key="representative_name">diabetes mellitus</infon>
        <infon key="type">Disease_other</infon>
        <location offset="1294" length="8"/>
        <text>diabetes</text>
      </annotation>
      <annotation id="A16">
        <infon key="type">Disease_other</infon>
        <location offset="1318" length="12"/>
        <text>hypertension</text>
      </annotation>
      <annotation id="A17">
        <infon key="representative_name">cardiovascular disease</infon>
        <infon key="type">Disease_other</infon>
        <location offset="1348" length="22"/>
        <text>cardiovascular disease</text>
      </annotation>
      <annotation id="A18">
        <infon key="type">Symptom</infon>
        <location offset="1565" length="5"/>
        <text>fever</text>
      </annotation>
      <annotation id="A19">
        <infon key="type">Symptom</infon>
        <location offset="1598" length="5"/>
        <text>cough</text>
      </annotation>
      <annotation id="A20">
        <infon key="type">Symptom</infon>
        <location offset="1620" length="7"/>
        <text>myalgia</text>
      </annotation>
      <annotation id="A21">
        <infon key="type">Symptom</infon>
        <location offset="1631" length="7"/>
        <text>fatigue</text>
      </annotation>
      <annotation id="A22">
        <infon key="representative_name">sputum production</infon>
        <infon key="type">Symptom</infon>
        <location offset="1677" length="17"/>
        <text>sputum production</text>
      </annotation>
      <annotation id="A23">
        <infon key="type">Symptom</infon>
        <location offset="1713" length="8"/>
        <text>headache</text>
      </annotation>
      <annotation id="A24">
        <infon key="type">Symptom</infon>
        <location offset="1742" length="11"/>
        <text>haemoptysis</text>
      </annotation>
      <annotation id="A26">
        <infon key="representative_name">dairrhoea</infon>
        <infon key="type">Symptom</infon>
        <location offset="1776" length="9"/>
        <text>diarrhoea</text>
      </annotation>
      <annotation id="A27">
        <infon key="representative_name">dyspnoea</infon>
        <infon key="type">Symptom</infon>
        <location offset="1804" length="8"/>
        <text>Dyspnoea</text>
      </annotation>
      <annotation id="A28">
        <infon key="type">Symptom</infon>
        <location offset="1885" length="8"/>
        <text>dyspnoea</text>
      </annotation>
      <annotation id="A29">
        <infon key="type">Symptom</infon>
        <location offset="1948" length="11"/>
        <text>lymphopenia</text>
      </annotation>
      <annotation id="A30">
        <infon key="type">Symptom</infon>
        <location offset="1981" length="9"/>
        <text>pneumonia</text>
      </annotation>
      <annotation id="A31">
        <infon key="representative_name">acute respiratory distress syndrome</infon>
        <infon key="type">Symptom</infon>
        <location offset="2050" length="35"/>
        <text>acute respiratory distress syndrome</text>
      </annotation>
      <annotation id="A32">
        <infon key="type">Symptom</infon>
        <location offset="2098" length="8"/>
        <text>RNAaemia</text>
      </annotation>
      <annotation id="A33">
        <infon key="representative_name">acute cardiac injury</infon>
        <infon key="type">Symptom</infon>
        <location offset="2120" length="20"/>
        <text>acute cardiac injury</text>
      </annotation>
      <annotation id="A34">
        <infon key="representative_name">secondary infection</infon>
        <infon key="type">Disease_other</infon>
        <location offset="2158" length="19"/>
        <text>secondary infection</text>
      </annotation>
      <annotation id="A35">
        <infon key="type">Protein</infon>
        <infon key="Uniprot">P60568</infon>
        <location offset="2327" length="3"/>
        <text>IL2</text>
      </annotation>
      <annotation id="A36">
        <infon key="type">Protein</infon>
        <infon key="Uniprot">P13232</infon>
        <location offset="2332" length="3"/>
        <text>IL7</text>
      </annotation>
      <annotation id="A37">
        <infon key="type">Protein</infon>
        <infon key="Uniprot">P22301</infon>
        <location offset="2337" length="4"/>
        <text>IL10</text>
      </annotation>
      <annotation id="A38">
        <infon key="representative_name">CSF3</infon>
        <infon key="type">Protein</infon>
        <infon key="Uniprot">P09919</infon>
        <location offset="2343" length="4"/>
        <text>GSCF</text>
      </annotation>
      <annotation id="A39">
        <infon key="representative_name">CXCL10</infon>
        <infon key="type">Protein</infon>
        <infon key="Uniprot">P02778</infon>
        <location offset="2349" length="4"/>
        <text>IP10</text>
      </annotation>
      <annotation id="A40">
        <infon key="representative_name">CCL2</infon>
        <infon key="type">Protein</infon>
        <infon key="Uniprot">P13500</infon>
        <location offset="2355" length="4"/>
        <text>MCP1</text>
      </annotation>
      <annotation id="A41">
        <infon key="representative_name">CCL3</infon>
        <infon key="type">Protein</infon>
        <infon key="Uniprot">P10147</infon>
        <location offset="2361" length="5"/>
        <text>MIP1A</text>
      </annotation>
      <annotation id="A42">
        <infon key="representative_name">TNF</infon>
        <infon key="type">Protein</infon>
        <infon key="Uniprot">P01375</infon>
        <location offset="2372" length="4"/>
        <text>TNFα</text>
      </annotation>
      <annotation id="A43">
        <infon key="representative_name">COVID-19</infon>
        <infon key="type">Disease_COVID-19</infon>
        <location offset="2398" length="19"/>
        <text>2019-nCoV infection</text>
      </annotation>
      <annotation id="A44">
        <infon key="representative_name">severe respiratory disease</infon>
        <infon key="type">Disease_other</infon>
        <location offset="2437" length="26"/>
        <text>severe respiratory illness</text>
      </annotation>
      <annotation id="A45">
        <infon key="representative_name">SARS-CoV</infon>
        <infon key="type">Virus_other</infon>
        <location offset="2475" length="45"/>
        <text>severe acute respiratory syndrome coronavirus</text>
      </annotation>
    </passage>
  </document>
  <document>
    <id>32029004</id>
    <infon key="BQ_FROM">PubMed</infon>
    <infon key="BQ_PIESCORE">-0.8626</infon>
    <infon key="BQ_DONE">NO</infon>
    <infon key="BQ_CURATABLE">YES</infon>
    <passage>
      <infon key="type">title</infon>
      <offset>0</offset>
      <text>A rapid advice guideline for the diagnosis and treatment of 2019 novel coronavirus (2019-nCoV) infected pneumonia (standard version). </text>
      <annotation id="A46">
        <infon key="representative_name">COVID-19</infon>
        <infon key="type">Disease_COVID-19</infon>
        <location offset="60" length="53"/>
        <text>2019 novel coronavirus (2019-nCoV) infected pneumonia</text>
      </annotation>
    </passage>
    <passage>
      <infon key="type">abstract</infon>
      <offset>134</offset>
      <text>In December 2019, a new type viral pneumonia cases occurred in Wuhan, Hubei Province; and then named &quot;2019 novel coronavirus (2019-nCoV)&quot; by the World Health Organization (WHO) on 12 January 2020. For it is a never been experienced respiratory disease before and with infection ability widely and quickly, it attracted the world&#x27;s attention but without treatment and control manual. For the request from frontline clinicians and public health professionals of 2019-nCoV infected pneumonia management, an evidence-based guideline urgently needs to be developed. Therefore, we drafted this guideline according to the rapid advice guidelines methodology and general rules of WHO guideline development; we also added the first-hand management data of Zhongnan Hospital of Wuhan University. This guideline includes the guideline methodology, epidemiological characteristics, disease screening and population prevention, diagnosis, treatment and control (including traditional Chinese Medicine), nosocomial infection prevention and control, and disease nursing of the 2019-nCoV. Moreover, we also provide a whole process of a successful treatment case of the severe 2019-nCoV infected pneumonia and experience and lessons of hospital rescue for 2019-nCoV infections. This rapid advice guideline is suitable for the first frontline doctors and nurses, managers of hospitals and healthcare sections, community residents, public health persons, relevant researchers, and all person who are interested in the 2019-nCoV. </text>
      <annotation id="A47">
        <infon key="representative_name">COVID-19</infon>
        <infon key="type">Disease_COVID-19</infon>
        <location offset="154" length="24"/>
        <text>new type viral pneumonia</text>
      </annotation>
      <annotation id="A48">
        <infon key="representative_name">SARS-CoV-2</infon>
        <infon key="type">Virus_SARS-CoV-2</infon>
        <location offset="236" length="22"/>
        <text>2019 novel coronavirus</text>
      </annotation>
      <annotation id="A49">
        <infon key="representative_name">SARS-CoV-2</infon>
        <infon key="type">Virus_SARS-CoV-2</infon>
        <location offset="260" length="9"/>
        <text>2019-nCoV</text>
      </annotation>
      <annotation id="A50">
        <infon key="representative_name">respiratory disease</infon>
        <infon key="type">Disease_other</infon>
        <location offset="366" length="19"/>
        <text>respiratory disease</text>
      </annotation>
      <annotation id="A51">
        <infon key="representative_name">COVID-19</infon>
        <infon key="type">Disease_COVID-19</infon>
        <location offset="594" length="28"/>
        <text>2019-nCoV infected pneumonia</text>
      </annotation>
      <annotation id="A52">
        <infon key="representative_name">nosocomial infection</infon>
        <infon key="type">Disease_other</infon>
        <location offset="1124" length="20"/>
        <text>nosocomial infection</text>
      </annotation>
      <annotation id="A53">
        <infon key="representative_name">COVID-19</infon>
        <infon key="type">Disease_COVID-19</infon>
        <location offset="1196" length="9"/>
        <text>2019-nCoV</text>
      </annotation>
      <annotation id="A54">
        <infon key="representative_name">COVID-19</infon>
        <infon key="type">Disease_COVID-19</infon>
        <location offset="1294" length="28"/>
        <text>2019-nCoV infected pneumonia</text>
      </annotation>
      <annotation id="A55">
        <infon key="representative_name">COVID-19</infon>
        <infon key="type">Disease_COVID-19</infon>
        <location offset="1373" length="20"/>
        <text>2019-nCoV infections</text>
      </annotation>
      <annotation id="A56">
        <infon key="representative_name">SARS-CoV-2</infon>
        <infon key="type">Virus_SARS-CoV-2</infon>
        <location offset="1633" length="9"/>
        <text>2019-nCoV</text>
      </annotation>
    </passage>
  </document>
  <document>
    <id>31996494</id>
    <infon key="BQ_FROM">PubMed</infon>
    <infon key="BQ_PIESCORE">-0.8683</infon>
    <infon key="BQ_DONE">NO</infon>
    <infon key="BQ_CURATABLE">YES</infon>
    <passage>
      <infon key="type">title</infon>
      <offset>0</offset>
      <text>Drug treatment options for the 2019-new coronavirus (2019-nCoV). </text>
      <annotation id="A55">
        <infon key="representative_name">SARS-CoV-2</infon>
        <infon key="type">Virus_SARS-CoV-2</infon>
        <infon key="NCBI:txid">2697049</infon>
        <location offset="31" length="20"/>
        <text>2019-new coronavirus</text>
      </annotation>
      <annotation id="A56">
        <infon key="representative_name">SARS-CoV-2</infon>
        <infon key="type">Virus_SARS-CoV-2</infon>
        <infon key="NCBI:txid">2697049</infon>
        <location offset="53" length="9"/>
        <text>2019-nCoV</text>
      </annotation>
    </passage>
    <passage>
      <infon key="type">abstract</infon>
      <offset>65</offset>
      <text>As of January 22, 2020, a total of 571 cases of the 2019-new coronavirus (2019-nCoV) have been reported in 25 provinces (districts and cities) in China. At present, there is no vaccine or antiviral treatment for human and animal coronavirus, so that identifying the drug treatment options as soon as possible is critical for the response to the 2019-nCoV outbreak. Three general methods, which include existing broad-spectrum antiviral drugs using standard assays, screening of a chemical library containing many existing compounds or databases, and the redevelopment of new specific drugs based on the genome and biophysical understanding of individual coronaviruses, are used to discover the potential antiviral treatment of human pathogen coronavirus. Lopinavir /Ritonavir, Nucleoside analogues, Neuraminidase inhibitors, Remdesivir, peptide (EK1), arbidol, RNA synthesis inhibitors (such as TDF, 3TC), anti-inflammatory drugs (such as hormones and other molecules), Chinese traditional medicine, such ShuFengJieDu Capsules and Lianhuaqingwen Capsule, could be the drug treatment options for 2019-nCoV. However, the efficacy and safety of these drugs for 2019- nCoV still need to be further confirmed by clinical experiments. </text>
      <annotation id="A57">
        <infon key="representative_name">SARS-CoV-2</infon>
        <infon key="type">Virus_SARS-CoV-2</infon>
        <infon key="NCBI:txid">2697049</infon>
        <location offset="117" length="20"/>
        <text>2019-new coronavirus</text>
      </annotation>
      <annotation id="A58">
        <infon key="representative_name">SARS-CoV-2</infon>
        <infon key="type">Virus_SARS-CoV-2</infon>
        <infon key="NCBI:txid">2697049</infon>
        <location offset="139" length="9"/>
        <text>2019-nCoV</text>
      </annotation>
      <annotation id="A59">
        <infon key="type">Virus_family</infon>
        <infon key="NCBI:txid">693995</infon>
        <location offset="294" length="11"/>
        <text>coronavirus</text>
      </annotation>
      <annotation id="A60">
        <infon key="representative_name">SARS-CoV-2</infon>
        <infon key="type">Virus_SARS-CoV-2</infon>
        <infon key="NCBI:txid">2697049</infon>
        <location offset="410" length="9"/>
        <text>2019-nCoV</text>
      </annotation>
      <annotation id="A61">
        <infon key="representative_name">coronavirus</infon>
        <infon key="type">Virus_family</infon>
        <infon key="NCBI:txid">693995</infon>
        <location offset="719" length="13"/>
        <text>coronaviruses</text>
      </annotation>
      <annotation id="A62">
        <infon key="representative_name">coronavirus</infon>
        <infon key="type">Virus_family</infon>
        <location offset="792" length="26"/>
        <text>human pathogen coronavirus</text>
      </annotation>
      <annotation id="A63">
        <infon key="representative_name">SARS-CoV-2</infon>
        <infon key="type">Virus_SARS-CoV-2</infon>
        <infon key="NCBI:txid">2697049</infon>
        <location offset="1160" length="9"/>
        <text>2019-nCoV</text>
      </annotation>
      <annotation id="A64">
        <infon key="representative_name">SARS-CoV-2</infon>
        <infon key="type">Virus_SARS-CoV-2</infon>
        <infon key="NCBI:txid">2697049</infon>
        <location offset="1223" length="10"/>
        <text>2019- nCoV</text>
      </annotation>
    </passage>
  </document>
</collection>


