{
   "cord_uid": "0oq4kkn5",
   "sourcedb": "PMC",
   "sourceid": "PMC5052702",
   "divid": 10,
   "text": "2 (1 eq) was dissolved in pyridine (10 ml per 0.5 mg 2) and stirred vigorously. Trans-2,3-Epoxysuccinic acid (2.95 eq) and N,N'-dicyclohexylcarbodiimide (2.95 eq) was added and the suspension stirred overnight. The solvent was removed in vacuo, the residue was taken up in ethanol and aqueous sodium hydroxide solution (2 mol/l, 2 eq) was added dropwise. After 30 minutes of stirring, the solvent was removed in vacuo, after which the residue was taken up in aqueous acetonitrile, filtered and purified with reversed phase liquid chromatography, which (2), 27.9 (2), 23,9 (2), 13.9; mp.: > 250°C (decomp.). 163.8, 160.5, 134,8, 84.8, 61.1, 56.4, 53.7, 52.4, 34.3, 34.2, 27.8 (2) , 23.9 (2), 13.9; mp.: 70-71°C.",
   "project": "cdlai_CORD-19", 
   "denotations": []}