{
   "cord_uid": "1bi6q127",
   "sourcedb": "PMC",
   "sourceid": "PMC6410205",
   "divid": 20,
   "text": "In pteropid bats, immunological stress was suggested as a contributing factor in henipavirus shedding [41] . As described earlier, Sohayati et al. [41] suspected that the recrudescence of NiV infection was triggered by waning antibody levels and an increased level of stress due to a combination of factors such as confinement in a cage, and physiological and behavioral changes during breeding season.",
   "project": "cdlai_CORD-19", 
   "denotations": []}