{
   "cord_uid": "1dfzj1b3",
   "sourcedb": "PMC",
   "sourceid": "PMC6259136",
   "divid": 29,
   "text": "The antioxidant, antimicrobial and antispasmodic activities of Origanum acutidens (Hand.-Mazz) Ietswaart from the Turkish flora were evaluated [50] . Carvacrol was the major component of the essential oil. This oil presented antioxidant activity, but inferior to that of the reference substance used by the authors (BHT). In spite of the high percentage of carvacrol present in the oil, the inhibition percentage only reached 65%, in contrast to the 100% of BHT.",
   "project": "cdlai_CORD-19", 
   "denotations": []}