{
   "cord_uid": "1dfzj1b3",
   "sourcedb": "PMC",
   "sourceid": "PMC6259136",
   "divid": 51,
   "text": "Saleh et al. (2010) [65] have conducted a comparative evaluation of the antioxidant properties of 248 essential oils by the spectrophotometer method of DPPH along with DPPH/TLC. Only 17 species possessed effective antioxidant activity, mainly belonging to the Lamiaceae family. The active compounds detected by DPPH/TLC method included phenols, non-phenols, oxygenated or non-oxygenated compounds.",
   "project": "cdlai_CORD-19", 
   "denotations": []}