{
   "cord_uid": "1dfzj1b3",
   "sourcedb": "PMC",
   "sourceid": "PMC6259136",
   "divid": 105,
   "text": "In addition to the effect of Cryptomeria japonica essential oil on the LPS-treated RAW 264.7 cells, which presented a remarkable inhibition of IL-1β, IL-6 and TNF-α, as reported above, the authors also detected an inhibition of NO production by reducing iNOS protein and mRNA iNOS expression as well as a diminution of PGE 2 due to the reduction of COX-2 protein and COX-2 mRNA expression [115] .",
   "project": "cdlai_CORD-19", 
   "denotations": []}