{
   "cord_uid": "1dfzj1b3",
   "sourcedb": "PMC",
   "sourceid": "PMC6259136",
   "divid": 2,
   "text": "An essential oil is defined internationally as the product obtained by hydrodistillation, steam distillation or dry distillation or by a suitable mechanical process without heating (for Citrus fruits) of a plant or some parts of it [1] . They are aromatic oily liquids, volatile, characterized by a strong odour, rarely coloured, and generally with a lower density than that of water. They can be synthesized by all plant organs (flowers, buds, seeds, leaves, twigs, bark, herbs, wood, fruits and root) and therefore extracted from these parts, where they are stored in secretory cells, cavities, canals, epidermic cells or glandular trichomes [2, 3] . Essential oils only represent a small fraction of plant's composition; nevertheless they confer the characteristics by which aromatic plants are used in the food, cosmetic and pharmaceutical industries [4] .",
   "project": "cdlai_CORD-19", 
   "denotations": []}