{
   "cord_uid": "1dfzj1b3",
   "sourcedb": "PMC",
   "sourceid": "PMC6259136",
   "divid": 71,
   "text": "Among Portuguese Thymus species collected in different places of this country, Thymus camphoratus Hoffmanns. & Link, Thymus caespititius Brot., and Thymus capitellatus Hoffmanns. & Link oils from different origins were significantly more effective in scavenging hydroxyl radicals than the remaining samples. Borneol, camphor, α-terpineol, 1,8-cineole, camphene, α-pinene and p-cymene constituted the major compounds of these essential oils in different relative amounts. The oils in which thymol or carvacrol predominated did not present significant activities, which according to the authors [53] indicated that these phenolic compounds are not determinant in the ability for scavenging hydroxyl radicals.",
   "project": "cdlai_CORD-19", 
   "denotations": []}