{
   "cord_uid": "2586thss",
   "sourcedb": "PMC",
   "sourceid": "PMC3573733",
   "divid": 15,
   "text": "In order to obtain pure proteins, recombinant plasmids were used to transform E. coli BL21 (DE3) cells and expression was induced with 1 mM IPTG. The expressed proteins were purified with Ni 2+ -chelate affinity chromatography and a glutathione sepharose™ 4B column. Proteins were examined using SDS-PAGE (Fig. 3) . The position of the protein bands was consistent with the expected molecular weight of the different HCV segments. Protein concentration was determined by the BCA method, using BSA as the standard. Our further analyses demonstrated that the HCV proteins were pure and that they could be used directly for the construction of the HCV DAS-LFIA strip.",
   "project": "cdlai_CORD-19", 
   "denotations": []}