{
   "cord_uid": "442gq3k5",
   "sourcedb": "PMC",
   "sourceid": "PMC3050921",
   "divid": 15,
   "text": "Demographic data obtained during a randomized study on the efficacy of adjunct dexamethasone for the treatment of acute bacterial meningitis showed that 59/226 (26%) of the non-S. suis patients had potential occupational exposure to pigs compared to 46/78 (59%) of S. suis meningitis patients [3] , corresponding to an odds ratio of 4. We decided on a target sample size of 100 cases (and 300 matched controls), corresponding to a recruitment period of approximately 4 years and a target odds ratio for 80% power of 2.1 assuming a probability of exposure in controls of 0.25 and a correlation coefficient for exposure between matched cases and controls of at most 0.2. With 100 cases, we also expected to fit reliable multivariate models with up to 10 covariates without over fitting the data [11] .",
   "project": "cdlai_CORD-19", 
   "denotations": []}