{
   "cord_uid": "54lx7cl3",
   "sourcedb": "PMC",
   "sourceid": "PMC4801059",
   "divid": 22,
   "text": "The greatest difficulty in addressing our hypotheses was our inability to determine the relative contributions of URT bacterial community structure and local host defenses on bacterial selection into the LRT. In the simplest case, how much is the risk of pneumonia following viral infection attributable to the presence of a known bacterial pneumonia pathogen (such as S. pneumoniae) in the URT? To determine this, studies must examine timedependent carriage of bacteria, species-specific pneumonia outcomes and the effects of viral coinfection among other known risk factors-which, to the best of our knowledge, do not currently exist. Nonetheless, the literature strongly supports the presence of an interaction between viral infection and secondary bacterial pneumonia; the failure to fully understand the mechanisms should act as a spur for future studies while continuing current efforts to reduce the worldwide burden of pneumonia.",
   "project": "cdlai_CORD-19", 
   "denotations": [
       {
           "id": "Symptom_COVID-19", 
           "span": {
              "begin":255,
              "end": 264
           }, 
           "obj": "https://www.ncbi.nlm.nih.gov/pmc/articles/PMC4801059/"
       },
       {
           "id": "Symptom_COVID-19", 
           "span": {
              "begin":341,
              "end": 350
           }, 
           "obj": "https://www.ncbi.nlm.nih.gov/pmc/articles/PMC4801059/"
       },
       {
           "id": "Symptom_COVID-19", 
           "span": {
              "begin":372,
              "end": 381
           }, 
           "obj": "https://www.ncbi.nlm.nih.gov/pmc/articles/PMC4801059/"
       },
       {
           "id": "Symptom_COVID-19", 
           "span": {
              "begin":489,
              "end": 498
           }, 
           "obj": "https://www.ncbi.nlm.nih.gov/pmc/articles/PMC4801059/"
       },
       {
           "id": "Symptom_COVID-19", 
           "span": {
              "begin":762,
              "end": 771
           }, 
           "obj": "https://www.ncbi.nlm.nih.gov/pmc/articles/PMC4801059/"
       },
       {
           "id": "Symptom_COVID-19", 
           "span": {
              "begin":927,
              "end": 936
           }, 
           "obj": "https://www.ncbi.nlm.nih.gov/pmc/articles/PMC4801059/"
       }
   ]
}