{
   "cord_uid": "7bgerq3r",
   "sourcedb": "PMC",
   "sourceid": "PMC5968208",
   "divid": 8,
   "text": "MERS-CoV antibody levels in all sera collected from contacts were measured using a recombinant S1 protein-coated human anti-MERS-CoV (immunoglobulin G [IgG]) ELISA kit (Euroimmun, Luebeck, Germany), which was used according to the manufacturer's protocol. The results of the tested samples were determined by calculating the ratio of the optical density (OD) value of the sample to the OD value of the calibrator. Ratios ≥ 1.1 were considered positive, ratios ≥ 0.8 to < 1.1 were considered borderline, and ratios < 0.8 were considered negative.",
   "project": "cdlai_CORD-19", 
   "denotations": []}