{
   "cord_uid": "7bgerq3r",
   "sourcedb": "PMC",
   "sourceid": "PMC5968208",
   "divid": 19,
   "text": "Despite a high prevalence of 186 confirmed MERS cases during the outbreak of MERS in Korea, the rate of asymptomatic infection (1.60%) [15] was lower than expected. The rates of asymptomatic infection confirmed using IFA and PRNT in the present study were 0.06% (1 of 1,610) for all contacts and 0.17% (1 of 574) for patients. These results are markedly lower than the rates of 0.27% (2 of 737) among healthcare workers, and 0.44% (2 of 457) among healthcare workers at MERS-affected hospitals in Korea [16] . Moreover, the rate of asymptomatic or mild infection in Sau-di Arabia, the United Arab Emirates, and the Islamic Republic of Iran was approximately 28.00% [12, 13, 18] .",
   "project": "cdlai_CORD-19", 
   "denotations": []}