{
   "cord_uid": "7gkdday2",
   "sourcedb": "PMC",
   "sourceid": "PMC5367831",
   "divid": 27,
   "text": "Other than co-detection with bacteria, RSV was also co-detected with adenovirus in 5 specimens, HPIV-1 and HPIV-3 in 1 and 3 cases, respectively. HMPV was more likely to be identified in single infections, whereas adenovirus, S. pneumoniae, and K. pneumaniae were mostly identified in coinfection cases. Although HBoV was equally detected in both single and coinfection cases, 63.09% of HBoV which had been found in coinfected cases were observed as a partner with HRV (7 cases). Among 3 Influenza A positive cases, one had been detected without any coinfection partner and 2 had coinfections with adenovirus and HRV (shown in Table 4 ). The only case of Influenza B virus had coinfection with S. pneumoniae.",
   "project": "cdlai_CORD-19", 
   "denotations": [
       {
           "id": "Symptom_COVID-19", 
           "span": {
              "begin":229,
              "end": 238
           }, 
           "obj": "https://www.ncbi.nlm.nih.gov/pmc/articles/PMC5367831/"
       },
       {
           "id": "Symptom_COVID-19", 
           "span": {
              "begin":697,
              "end": 706
           }, 
           "obj": "https://www.ncbi.nlm.nih.gov/pmc/articles/PMC5367831/"
       }
   ]
}