{
   "cord_uid": "7gkdday2",
   "sourcedb": "PMC",
   "sourceid": "PMC5367831",
   "divid": 14,
   "text": "Taking into account of both single infection and coinfection cases of bacterial infections, 46 bacterial pathogens were isolated from symptomatic children; and the most commonly isolated bacteria were S. pneumoniae (18/46; 39%), followed by K. pneumaniae (11/46; 24%), Streptococcus spp. (10/46; 22%), E. agglomerans (4/46; 9%), and H. influenzae (3/46; 6%) ( Fig  2B) . On the other hand, 7% (2 out of 30) nasal swab specimens which had been collected from asymptomatic participants were culture positive and only S. pneumoniae was found in both cases. The data obtained from symptomatic cases demonstrate for the first time that E. agglomerans might play a role as one of the major bacterial pathogens (9%) of ARIs in under-five children in Bangladesh (Fig 2B) .",
   "project": "cdlai_CORD-19", 
   "denotations": [
       {
           "id": "Symptom_COVID-19", 
           "span": {
              "begin":204,
              "end": 213
           }, 
           "obj": "https://www.ncbi.nlm.nih.gov/pmc/articles/PMC5367831/"
       },
       {
           "id": "Symptom_COVID-19", 
           "span": {
              "begin":518,
              "end": 527
           }, 
           "obj": "https://www.ncbi.nlm.nih.gov/pmc/articles/PMC5367831/"
       }
   ]
}