{
   "cord_uid": "7gkdday2",
   "sourcedb": "PMC",
   "sourceid": "PMC5367831",
   "divid": 13,
   "text": "Next, we wanted to detect and identify different ARI-associated bacterial pathogens in underfive children. Conventional microbiological culture methods and biochemical tests were used to isolate and identify bacterial pathogens in the specimens. Among 200 symptomatic specimens, 43 specimens (21.5%) came out as culture positive (Fig 2A) .",
   "project": "cdlai_CORD-19", 
   "denotations": []}