{
   "cord_uid": "89pf7c5i",
   "sourcedb": "PMC",
   "sourceid": "PMC4462189",
   "divid": 47,
   "text": "The type of inflammatory infiltrate found in tissue cytology (aspirates, impression smears) or histopathology in organs such as skin, eye, oral mucosa, liver, spleen and kidney is commonly pyogranulomatous to granulomatous [66, 68, 72] . There was also lymphoid reactive hyperplasia in lymphoid organs such as lymph nodes [79] and spleen [57] , with variable numbers of Leishmania amastigotes observed (Fig. 7) .",
   "project": "cdlai_CORD-19", 
   "denotations": []}