{
   "cord_uid": "89pf7c5i",
   "sourcedb": "PMC",
   "sourceid": "PMC4462189",
   "divid": 69,
   "text": "Records of a long-term follow up (13-60 months) are available for nine cats and in four of the cases they were followed up until death or euthanasia [11, 37, 50, 56, 60, 66, 69, 70] . Their age ranged between 5 and 12 years at diagnosis and only one had been found positive for FIV antibodies. Clinical presentation varied but visceral dissemination of Leishmania infection was investigated and confirmed in all but one case. This latter cat had a diagnosis of PF associated with Leishmania infection confirmed by serology and PCR on skin biopsies, but the potential extra-cutaneous dissemination of infection was not investigated [56] . Four of these followed up cats were treated with allopurinol for 24-40 months [37, 50, 56, 66] .",
   "project": "cdlai_CORD-19", 
   "denotations": []}