{
   "cord_uid": "89pf7c5i",
   "sourcedb": "PMC",
   "sourceid": "PMC4462189",
   "divid": 5,
   "text": "In this report the LeishVet group presents an overview on current knowledge on Leishmania infection in cats. Moreover, recommendations on the diagnosis, treatment and monitoring, prognosis and prevention of FeL are also described in order to standardize the management of this infection in cats. These were constructed by combining a comprehensive review of evidence-based studies and case reports, clinical experience and critical consensus discussions. The goal of this review is therefore to offer the veterinary practitioners an updated approach with recommendations on the management of leishmaniosis in cats.",
   "project": "cdlai_CORD-19", 
   "denotations": []}