{
   "cord_uid": "8gbktpt3",
   "sourcedb": "PMC",
   "sourceid": "PMC6950618",
   "divid": 42,
   "text": "All but one of the VP2 sequences obtained from the New Zealand cases were identical to the FPV vaccine strain that the cats had been inoculated with. Co-infection with other pathogens including Feline coronavirus or Giardia spp. could account for the clinical signs in five of these cases, which, although consistent with FPL, were non-specific. However, in one cat, high loads of vaccine strain virus were detected concurrently in lymph node and faeces (FPV_221, Table 3 ), which is more consistent with loads attained by pathogenic virus strains than with those attained by vaccine virus strains. Further, unequivocal support of the diagnosis of FPL in this case was obtained from histological examination of the intestine, where lesions pathognomonic for FPL were identified ( Figure 5 ). An FPV-vaccine strain was detected in this cat, and the sequencing chromatogram showed no evidence of a coinfecting FPV or CPV. However, deep sequencing of the sample with examination of the metatranscriptome or metagenome would be required to rule out co-infection with other pathogenic viruses not included in the qPCR test panel. An alternative explanation is that there was reversion to virulence of the vaccine strain, although this has not been described previously in cats.",
   "project": "cdlai_CORD-19", 
   "denotations": []}