{
   "cord_uid": "987w6ypg",
   "sourcedb": "PMC",
   "sourceid": "PMC4251951",
   "divid": 6,
   "text": "IFITMs have been proposed to block hemifusion, the process whereby the outer, but not the inner, leaflet of the viral and cellular membranes merge [17] , possibly through the modulation of the intracellular levels of cholesterol, a particular intriguing hypothesis given that IFITM3 interacts with the vesicle-membrane-proteinassociated protein 1 (VAPA), a key component in cholesterol homeostasis [25] . The exact mechanism of antiviral inhibition by IFITMs remains however unclear, given that a recent study indicated that IFITM3 inhibits the transition from hemifusion to pore formation rather than hemifusion itself, in a cholesterol-independent manner [26] .",
   "project": "cdlai_CORD-19", 
   "denotations": []}