{
   "cord_uid": "987w6ypg",
   "sourcedb": "PMC",
   "sourceid": "PMC4251951",
   "divid": 1,
   "text": "Background: Interferon induced transmembrane proteins 1, 2 and 3 (IFITMs) belong to a family of highly related antiviral factors that have been shown to interfere with a large spectrum of viruses including Filoviruses, Coronaviruses, Influenza virus, Dengue virus and HIV-1. In all these cases, the reported mechanism of antiviral inhibition indicates that the pool of IFITM proteins present in target cells blocks incoming viral particles in endosomal vesicles where they are subsequently degraded.",
   "project": "cdlai_CORD-19", 
   "denotations": []}