{
   "cord_uid": "98ljj0cy",
   "sourcedb": "PMC",
   "sourceid": "PMC4353318",
   "divid": 4,
   "text": "After informed consent was obtained, demographic and domestic animal exposure data were collected using a structured questionnaire. Blood samples were then collected and transported on wet ice to the KSA Ministry of Health (MoH) laboratory in the Jazan region, KSA. Aliquots of sera were shipped to the University of Florida for serological assessment.",
   "project": "cdlai_CORD-19", 
   "denotations": []}