{
   "cord_uid": "98ljj0cy",
   "sourcedb": "PMC",
   "sourceid": "PMC4353318",
   "divid": 12,
   "text": "There still remain many questions regarding designing appropriate interventions to prevent or reduce MERS-CoV transmission. Of them, identification of risk factors for MERS-CoV infection, a comprehensive understanding of natural animal reservoirs and vectors, and better determining transmission pathways seem to be paramount in developing appropriate interventions. Priority should be given to addressing these questions if we hope to improve public health response to future index cases in new geographical areas. It seems prudent to allocate resources to further globally enhance surveillance to quickly identify MERS-CoV and to monitor for viral genetic changes as well as to conduct the necessary epidemiological studies to fill the aforementioned gaps in our knowledge regarding this new and dangerous threat. ",
   "project": "cdlai_CORD-19", 
   "denotations": []}