{
   "cord_uid": "9rxv6fy9",
   "sourcedb": "PMC",
   "sourceid": "PMC5807439",
   "divid": 8,
   "text": "We have developed an approach to UV-based sterilization using single-wavelength far-UVC light generated by filtered excilamps, which selectively inactivate microorganisms, but does not produce biological damage to exposed mammalian cells and tissues [13] [14] [15] . The approach is based on biophysical principles in that far-UVC light can traverse and therefore inactivate bacteria and viruses which are typically micrometer dimensions or smaller, whereas due to its strong absorbance in biological materials, far-UVC light cannot penetrate even the outer dead-cell layers of human skin, nor the outer tear layer on the surface of the eye.",
   "project": "cdlai_CORD-19", 
   "denotations": []}