{
   "cord_uid": "9rxv6fy9",
   "sourcedb": "PMC",
   "sourceid": "PMC5807439",
   "divid": 21,
   "text": "The entire irradiation chamber was set up inside a certified class II type A2 biosafety cabinet (Labconco, Kansas City, MO). All air inputs and outputs were equipped with HEPA filters (GE Healthcare Bio-Sciences, Pittsburgh, PA) to prevent unwanted contamination from entering the chamber as well as to block any of the virus from releasing into the environment.",
   "project": "cdlai_CORD-19", 
   "denotations": []}