{
   "cord_uid": "9xelf8oh",
   "sourcedb": "PMC",
   "sourceid": "PMC7088385",
   "divid": 32,
   "text": "Our assays offer several advantages over assays for SQPV (Atkin et al. 2010; Fiegna et al. 2016; McInnes et al. 2009 ) and SADV (Everest et al. 2009b) , namely increased specificity (using a hydrolysis probe), sensitivity (using qPCR) and a reduction in the occurrence of false negatives (e.g. insufficient DNA purification and PCR inhibition) via the use of a specific squirrel endogenous IC. In fact, the latter factor proved important in 7 out of 24 faecal samples analysed when screening samples, when, despite apparently adequate amounts of DNA, no amplification for the PGK assay (or either pathogen assay) was recorded. In the absence of an IC, these samples could have been classed as negative and highlight that a differing extraction process is required for faecal samples. (1) (2) (6) (6) (7) (6) (2) (1) (7) (6) (4) (4) (6) (4) (5) 0 1 1 1 1 1 1 1 1 1 1 1 1 1",
   "project": "cdlai_CORD-19", 
   "denotations": []}