{
   "cord_uid": "b78pccz5",
   "sourcedb": "PMC",
   "sourceid": "PMC4895703",
   "divid": 54,
   "text": "Exposures to environmental pollutants are associated with increased mortality and morbidity. Traditional risk assessment methods estimate these separately as numbers of cases. The results from such incidence-based models are not comparable over different types of health endpoints and to improve comparability of impacts on various types of diseases and including mortality, disability adjusted life years (DALY) has been proposed as a common metric [22] . (Table 1 ) and calculating the population attributable fraction (PAF) as [Error! Reference source not found.]:",
   "project": "cdlai_CORD-19", 
   "denotations": []}