{
   "cord_uid": "bcwcjf01",
   "sourcedb": "PMC",
   "sourceid": "PMC3836733",
   "divid": 13,
   "text": "Sequencing Center. Sequencing was performed as described previously [17, 18] . For all samples sequenced by Illumina (pairedend read technology), overlapping read pairs (ORPs), generated by combining short fragment libraries with long sequencing reads, was used to reduce sequencing errors and improve rare variant detection accuracy. Quality filtering procedure was also described in [17, 18] .",
   "project": "cdlai_CORD-19", 
   "denotations": []}