{
   "cord_uid": "btuoin6d",
   "sourcedb": "PMC",
   "sourceid": "PMC7033854",
   "divid": 9,
   "text": "Initial antibiotic agents were intravenously administered to all of the patients. Initial antibiotic regimens were followed by adherence to the \"Treatment Guidelines for Community-acquired Pneumonia in Korea: An Evidence-based Approach to Appropriate Antimicrobial Therapy\" from The Korean Academy of Tuberculosis and Respiratory Diseases [21] . The antipyretic agents and regimens used in this study were as follows. Propacetamol was intravenously administered at a dose of 1 to 2 g as needed to a maximum of 8 g per day. Acetaminophen was given orally at a dose of 2 tablets (650 mg per tablet) every 8 h to a maximum of 6 tablets per day. Physical cooling methods applied to all febrile patients included external air, ice bag, or water blanket techniques.",
   "project": "cdlai_CORD-19", 
   "denotations": [
       {
           "id": "Symptom_COVID-19", 
           "span": {
              "begin":189,
              "end": 198
           }, 
           "obj": "https://www.ncbi.nlm.nih.gov/pmc/articles/PMC7033854/"
       }
   ]
}