{
   "cord_uid": "bvnqn8pn",
   "sourcedb": "PMC",
   "sourceid": "PMC5660758",
   "divid": 9,
   "text": "For each patient presenting to the Pediatric ED, a record form is filled in by the nurse and medical staff, including demographic data, anamnestic information, vital signs, physical examination, treatment performed in the ER (if done), clinical reevaluation after treatment, diagnosis, discharge modality, and home therapy prescription when applicable. For children requiring a short-stay observation, prescribed examinations, therapy, and subsequent reevaluations are also noted on the same form.",
   "project": "cdlai_CORD-19", 
   "denotations": []}