{
    "paper_id": "PMC7077245",
    "metadata": {
        "title": "Return of the Coronavirus: 2019-nCoV. ",
        "authors": []
    },
    "abstract": [
        {
            "text": "The emergence of a novel coronavirus (2019-nCoV) has awakened the echoes of SARS-CoV from nearly two decades ago. Yet, with technological advances and important lessons gained from previous outbreaks, perhaps the world is better equipped to deal with the most recent emergent group 2B coronavirus. ",
            "cite_spans": [],
            "ref_spans": [],
            "section": "Abstract"
        }
    ],
    "body_text": []
}