{
   "cord_uid": "1bi6q127",
   "sourcedb": "PMC",
   "sourceid": "PMC6410205",
   "divid": 1,
   "text": "Bats harbor a myriad of viruses and some of these viruses may have spilled over to other species including humans. Spillover events are rare and several factors must align to create the \"perfect storm\" that would ultimately lead to a spillover. One of these factors is the increased shedding of virus by bats. Several studies have indicated that bats have unique defense mechanisms that allow them to be persistently or latently infected with viruses. Factors leading to an increase in the viral load of persistently infected bats would facilitate shedding of virus. This article reviews the unique nature of bat immune defenses that regulate virus replication and the various molecular mechanisms that play a role in altering the balanced bat-virus relationship.",
   "project": "cdlai_CORD-19", 
   "denotations": []}