{
   "cord_uid": "26lvnqaq",
   "sourcedb": "PMC",
   "sourceid": "PMC6116506",
   "divid": 84,
   "text": "The control of this non-notifiable disease in Asia, the Middle East, and North Africa has been mainly restricted to the use of vaccines, and yet H9N2 viruses have evolved antigenically [56] and spread to new geographic areas, causing huge economic losses to the poultry industry. H9N2 viruses have shown to be highly promiscuous and to be carriers of particularly advantageous genes for the emergence of LPAI reassortant strains with zoonotic potential, such as the H7N9 and H10N8 viruses [57] . Moreover, there are serological and virological evidences",
   "project": "cdlai_CORD-19", 
   "denotations": []}