{
   "cord_uid": "34xdjzvv",
   "sourcedb": "PMC",
   "sourceid": "PMC3728341",
   "divid": 4,
   "text": "To this end, we recently have successfully developed transgenic mice carrying the known human EV71 receptor, scavenger receptor class B member 2 (SCARB2) [11, 12] . The HFMD-like skin rashes were observed in transgenic mice pre-infected with clinical isolates E59 (genotype B4 of EV71) and N2838 (B5); severe limb paralysis and death in transgenic mice pre-inoculated with clinical isolates 5746 (C2), N3340 (C4) and coxsackievirus A16 (CVA16) [11] . EV71 viral loads in the tissues and CNS accompanied the upregulated pro-inflammatory mediators (CXCL10, CCL3, TNF-a, and IL-6), correlating to recruitment of the infiltrated T lymphocytes that resulted in severe diseases in transgenic mice [11] . It was also observed in EV71 patients with encephalitis associated with PE that have a higher mortality rate (64.3%) than patients with brainstem encephalitis (26.3%) [13, 14] , PE might be caused by increased pulmonary vascular permeability resulting from brainstem lesions caused by the excessive release of IL-6, TNF-a, IL-1b, and IFN-c [13, 15, 16] . In this study, we investigate whether the hSCARB2-transgenic mouse model could be suitable for evaluating the protective efficacy conferred by a previously described EV71-specific neutralizing antibody, N3 [17] . Administration of N3 to transgenic mice reduced the developed hair loss and scurfy skin as well as limb paralysis induced by E59 infection and protected from severe limb paralysis resulting in death by 5746 infection. This protection associates with the reduction of the viral load in the brain, spinal cords, and limb muscles. It also associated with the reduction of the secreted proinflammatory mediators in tissues. These results demonstrated N3 might have potential to serve as a therapeutic agent in the treatment of EV71-induced severely HFMD patients.",
   "project": "cdlai_CORD-19", 
   "denotations": [
       {
           "id": "Symptom_COVID-19", 
           "span": {
              "begin":179,
              "end": 190
           }, 
           "obj": "https://www.ncbi.nlm.nih.gov/pmc/articles/PMC3728341/"
       }
   ]
}