{
   "cord_uid": "54lx7cl3",
   "sourcedb": "PMC",
   "sourceid": "PMC4801059",
   "divid": 5,
   "text": "In this review, we examine two hypotheses that argue the etiology of bacterial pneumonia is a consequence of ecologic selection influenced by the interaction of respiratory viruses and bacteria within the host: (i) respiratory viruses influence the etiology of pneumonia by altering bacterial carriage structure in the upper respiratory tract (URT) and (ii) respiratory viruses promote or inhibit colonization of the lower respiratory tract (LRT) by certain bacterial species residing in the URT. We begin by describing the normal processes of bacterial selection in the upper and LRTs and then present evidence on how these processes can potentially be altered by respiratory viruses.",
   "project": "cdlai_CORD-19", 
   "denotations": [
       {
           "id": "Symptom_COVID-19", 
           "span": {
              "begin":79,
              "end": 88
           }, 
           "obj": "https://www.ncbi.nlm.nih.gov/pmc/articles/PMC4801059/"
       },
       {
           "id": "Symptom_COVID-19", 
           "span": {
              "begin":261,
              "end": 270
           }, 
           "obj": "https://www.ncbi.nlm.nih.gov/pmc/articles/PMC4801059/"
       }
   ]
}