{
   "cord_uid": "7gkdday2",
   "sourcedb": "PMC",
   "sourceid": "PMC5367831",
   "divid": 15,
   "text": "Since antibiotic resistance, which is an interdisciplinary global concern, is emerging in an alarmingly increasing manner, the study also aimed to investigate antibiotic resistance patterns for the isolated bacteria. Table 1 shows that the S. pneumoniae isolates that had been found as the predominating bacterial agent colonizing the under-five ARI children were all sensitive to Table 1 . Resistance pattern of the isolated bacteria to first line of antibiotics.",
   "project": "cdlai_CORD-19", 
   "denotations": [
       {
           "id": "Symptom_COVID-19", 
           "span": {
              "begin":243,
              "end": 252
           }, 
           "obj": "https://www.ncbi.nlm.nih.gov/pmc/articles/PMC5367831/"
       }
   ]
}