{
   "cord_uid": "8gbktpt3",
   "sourcedb": "PMC",
   "sourceid": "PMC6950618",
   "divid": 15,
   "text": "The distribution of cases varied with month of presentation and is shown in Figure 3 . Frequent transfer of cats in Victoria between shelters in Mildura (Outbreak 2 site) and Melbourne (Outbreak 1 site) suggested direct spread of the infection between these regions. Cats from two private shelters in Mildura were transported for rehoming to a shelter in Melbourne in 2014 and 2015. ",
   "project": "cdlai_CORD-19", 
   "denotations": []}