{
   "cord_uid": "8gbktpt3",
   "sourcedb": "PMC",
   "sourceid": "PMC6950618",
   "divid": 14,
   "text": "Data were received from 610 cases of FPL diagnosed in Australia between January 2014 and September 2018 from 11 animal shelters, 2 rescue societies and 11 veterinary hospitals. Of the 610 cases, 87% were shelter-housed, 12% were privately owned cats presenting to veterinary hospitals, and 1% were from foster carers working with rescue societies without premises. The distribution of Australian cases by geographic region and year is shown in Table 2 and Figure 1 . Figure S1 ).",
   "project": "cdlai_CORD-19", 
   "denotations": []}