{
   "cord_uid": "b78pccz5",
   "sourcedb": "PMC",
   "sourceid": "PMC4895703",
   "divid": 21,
   "text": "• I believe the abstract would benefit from a little editing. At present, the Background section feels unnecessarily long and there isn't enough detail in either the Methods or Results sections. The methods used for the health impact calculations aren't mentioned at all, despite being key to the paper. At the moment, I don't feel the main results are clearly stated in the abstract.",
   "project": "cdlai_CORD-19", 
   "denotations": []}