{
   "cord_uid": "b7mlt19n",
   "sourcedb": "PMC",
   "sourceid": "PMC5640201",
   "divid": 23,
   "text": "The differences between the classification systems were identified through a battery of SQL queries. The details of these are attached in Tables S5, S6 and S7. Levenshtein distance (also known as edit distance) was used to compare the species name that belongs to a particular genus and family between both the classification systems. Levenshtein distance is defined as the minimal number of characters required to replace, insert or delete to transform one string into another. The Levenshtein distance is symmetric and it holds:",
   "project": "cdlai_CORD-19", 
   "denotations": []}