{"cord_uid":"04q71md3", "sourcedb":"PMC", "sourceid":"PMC3930559", "divid":8, "text":"The worldwide air transportation network is defined by a passenger flux matrix that quantifies the number of passengers traveling between each pair of airports. We use a dataset provided by OAG (Official Airline Guide) Ltd. (http://www.oag.com), containing 4,092 airports and the number of seats on scheduled commercial flights between pairs of airports during the years 2004-2006. We take the number of seats on scheduled commercial flights from airport i to j to be proportional to the number of passengers traveling.", "project":"cdlai_CORD-19", "denotations":[]}