{"cord_uid":"0hbeso65", "sourcedb":"PMC", "sourceid":"PMC3655463", "divid":1, "text":"Hepatitis C virus (HCV) is a small-enveloped RNA virus belonging to the Flaviviridae family. Since first identified in 1989, HCV has been estimated to infect 170 million people worldwide. Mostly chronic hepatitis C virus has a uniform natural history, from liver cirrhosis to the development of hepatocellular carcinoma. The current therapy for HCV infection consists of a combination of Pegylated interferon and ribavirin. On the other hand, HCV-related liver disease is also the leading indication for liver transplantation. However, posttransplant HCV re-infection of the graft has been reported to be universal. Furthermore, the graft after HCV re-infection often results in accelerated progression to liver failure. In addition, treatment of recurrent HCV infection after liver transplantation is often compromised by enhanced adverse effects and limited efficacy of interferon-based therapies. Taken together, poor outcome after HCV re-infection, regardless of grafts or recipients, poses a major issue for the hepatologists and transplant surgeons. The aim of this paper is to review several specific aspects regarding HCV re-infection after transplant: risk factors, current therapeutics for HCV in different stages of liver transplantation, cellular function of HCV proteins, and molecular mechanisms of HCV entry. Hopefully, this paper will inspire new strategies and novel inhibitors against recurrent HCV infection after liver transplantation and greatly improve its overall outcome.", "project":"cdlai_CORD-19", "denotations":[]}