{
   "cord_uid": "0hbeso65",
   "sourcedb": "PMC",
   "sourceid": "PMC3655463",
   "divid": 30,
   "text": "Interfering with HCV entry into the hepatocytes holds great promises for the development of novel drugs. Several potential targets are suggested: (1) blocking virus-target cell interaction during attachment and binding; (2) interfering with postbinding events and (3) interfering with viral fusion. Various modalities may be adopted as HCV entry inhibitors: neutralizing antibodies for HCV envelope glycoproteins, blocking antibodies specific for host factors, and small molecular compounds against host factors or viral proteins.",
   "project": "cdlai_CORD-19", 
   "denotations": []}