{
   "cord_uid": "1dfzj1b3",
   "sourcedb": "PMC",
   "sourceid": "PMC6259136",
   "divid": 79,
   "text": "In addition to the ability of some essential oils to scavenge free radicals, there is also evidence that some essential oils possess anti-inflammatory activity. For example, chamomile essential oil has been used for centuries as an anti-inflammatory and also for alleviating the symptoms associated with eczema, dermatitis and other pronounced irritation [17] . However, there are other examples of essential oils (eucalyptus, rosemary, lavender, millefolia) along with other plants (pine, clove and myrrh) that have been used as mixed formulations as anti-inflammatory agents [86] .",
   "project": "cdlai_CORD-19", 
   "denotations": []}