{
   "cord_uid": "1dfzj1b3",
   "sourcedb": "PMC",
   "sourceid": "PMC6259136",
   "divid": 33,
   "text": "The antioxidant activity of Thymus essential oils from Portugal were the target of study in [53] . The authors studied the capacity of preventing lipid peroxidation through the same method described by [52] and they found that Thymus zygis subsp. zygis and Thymus zygis subsp. sylvestris oils obtained from different regions of Portugal showed good antioxidant activities, even better than that of BHT. Carvacrol, thymol, p-cymene and γ-terpinene predominated in the oils, although in different percentages.",
   "project": "cdlai_CORD-19", 
   "denotations": []}