{"cord_uid":"1wjhsg2y", "sourcedb":"PMC", "sourceid":"PMC6466127", "divid":54, "text":"Supplementary Materials: The following are available online at http://www.mdpi.com/1999-4915/11/3/240/s1, Table S1 : Bat species native to Western Asia; Table S2 : Conservation status and regional distribution of bat species native to Western Asia; Table S3 : Relationship between research effort and bat species richness across 247 countries; and Table S4 : Research effort on bats and bat-associated viruses by country. ", "project":"cdlai_CORD-19", "denotations":[]}