{
   "cord_uid": "1wjhsg2y",
   "sourcedb": "PMC",
   "sourceid": "PMC6466127",
   "divid": 40,
   "text": "Afghanistan Iran  IRN  76  4  0  Iraq  IRQ  8  2  0  Israel  ISR  533  9  0  Jordan  JOR  44  21  9  Kuwait  KWT  4  1  1  Lebanon  LBN  37  4  2  Oman  OMN  10  3  3  Pakistan  PAK  37  4  1  Palestine  PSE  1  0  0  Qatar  QAT  11  4  4  Saudi Arabia  SAU  67  29  32  Syria  SYR  3  1  0  Turkey  TUR  110  7  2  United Arab Emirates  ARE  13  5  3  Yemen  YEM  5 0 0 * Research effort based on the number of publications indexed in PubMed that included the specific search terms listed in each column by country: Bats = (\"bat\" OR \"bats\" OR \"Chiroptera\"); Bats and Viruses = ( \"bat\" OR \"bats\" OR \"Chiroptera\") AND (\"virus\" OR \"viruses\"); Bats and Coronaviruses = (\"bat\" OR \"bats\" OR \"Chiroptera\") AND (\"coronavirus\" OR \"coronaviruses\").",
   "project": "cdlai_CORD-19", 
   "denotations": []}