{"cord_uid":"1wjhsg2y", "sourcedb":"PMC", "sourceid":"PMC6466127", "divid":5, "text":"Several published reviews and books have highlighted the role of bats as reservoirs for emerging viruses, and described factors that may make bats "special" as disease reservoirs [24] [25] [26] [27] [28] [29] [30] . Bat-associated viruses have contributed to thousands of human deaths and economic losses exceeding billions of dollars [18, 26] , notably Nipah and Hendra paramyxoviruses, severe acute respiratory syndrome (SARS) and SARS-like coronaviruses, swine acute diarrhea syndrome coronavirus (SADS-CoV), and Ebola and", "project":"cdlai_CORD-19", "denotations":[{"id":"Symptom_Covid-19", "span":{"begin":470,"end":478}, "obj":"https://www.ncbi.nlm.nih.gov/pmc/articles/PMC6466127/"}]}