{
   "cord_uid": "21iw0bej",
   "sourcedb": "PMC",
   "sourceid": "PMC5296350",
   "divid": 37,
   "text": "The main goal of analyzing the mechanism of EV-D68 pathogenesis was to identify new strategies for preventing and treating the disease, so we did additional experiments to further explore G2/M synchronization as an approach to inhibit the replication of different EV-D68 strains. Our results demonstrate that in addition to its effects on the EV-D68 Fermon strain, G2/M synchronization by nocodazole inhibited the replication and virulence of US/KY/14-18953 and US/MO/14-18947. Additionally, PAB, which is another agent that can induce G2/M arrest, also significantly inhibited the production of EV-D68 and EV-A71. Because nocodazole also has been shown to be effective in inhibiting the production of EV-A71 (Yu et al., 2015) , medicines that induce G2/M arrest might be considered as a common approach for inhibiting different types of antienterovirus infection, which provides a new direction for antienterovirus drug development.",
   "project": "cdlai_CORD-19", 
   "denotations": []}