{
   "cord_uid": "2586thss",
   "sourcedb": "PMC",
   "sourceid": "PMC3573733",
   "divid": 10,
   "text": "Test principle and assay procedure. Each test solution (50 µl) was pipetted onto the sample pad and driven to migrate by capillary action along the strip. If HCV antibodies were present in the serum or plasma, they would react with the colloidal goldconjugated antigen to form an antibody-antigen complex. This complex would flow through the absorbent device and bind to the antigen in the positive reaction test zone ('T' area), forming a gold-conjugated Ag-Ab-Ag sandwich complex, producing a pink-purple colored band. A colored band in the control region of the device indicates adequate sample volume and capillary action. The absence of a colored band in the control region is an indication of an invalid result. Positive results were read as soon as two colored bands appeared. Negative samples provided only one pink control band. If no control band was present, the test was considered invalid. Color formation for both reactions was complete after 5-10 min. A schematic representation of possible test results is shown in Fig. 2B .",
   "project": "cdlai_CORD-19", 
   "denotations": []}