{
   "cord_uid": "26lvnqaq",
   "sourcedb": "PMC",
   "sourceid": "PMC6116506",
   "divid": 13,
   "text": "In this experiment, 28 layers were challenged in the H9-group, and 12 birds served as negative controls, in the K-group. On days 4, 6, 10 and 18 pi, seven and three birds were randomly selected and euthanized in the H9 and K groups, respectively. Each of the seven birds in the H9-group, was necropsied and the oviducts were collected for virological, bacteriological and histological analyses, while for 4/7 of these animals a more comprehensive set of tissues was analyzed including, lungs, duodenum, cecal tonsils, spleen, kidney and brain, to evaluate the tissue tropism of the challenge virus. All of the birds in this experiment were sampled for tracheal swabs on day 4 pi, to confirm that the challenge had been followed by an infection. To evaluate the viral shedding, we randomly selected nine animals in this group and collected tracheal and cloacal swabs on day 2, 4 and 6 pi.",
   "project": "cdlai_CORD-19", 
   "denotations": []}