{"cord_uid":"26lvnqaq", "sourcedb":"PMC", "sourceid":"PMC6116506", "divid":4, "text":"Several experimental studies have tried to reproduce the clinical presentations observed in the field, but mortality and severe respiratory signs were rarely observed unless the infection was artificially coupled with secondary pathogens such as Escherichia coli, Mycoplasma gallisepticum, Staphylococcus aureus, Haemophilus paragallinarum, Chlamydia psittaci, Ornithobacterium rhinotracheale and live infectious bronchitis virus vaccine [10] [11] [12] [13] [14] [15] or in the presence of an immunocompromised flock [16] . In our opinion, these data together with the lack of ad hoc restrictive control measures and in-depth diagnostic analyses during outbreaks, have somehow mitigated the perception of H9N2 viruses as primary pathogens of poultry.", "project":"cdlai_CORD-19", "denotations":[]}