{
   "cord_uid": "26lvnqaq",
   "sourcedb": "PMC",
   "sourceid": "PMC6116506",
   "divid": 83,
   "text": "To date, as opposed to HPAI viruses [54] , LPAI viruses have never been isolated from the internal content of eggs [55] . Given the high tropism of this virus for the oviduct, further analyses will clarify the role of eggs and egg products in the transmission of H9N2 viruses in poultry and the potential threat posed by their consumption in humans.",
   "project": "cdlai_CORD-19", 
   "denotations": []}