{"cord_uid":"26lvnqaq", "sourcedb":"PMC", "sourceid":"PMC6116506", "divid":2, "text":"Avian influenza viruses (AIV) of the H5, H7 and H9 subtypes represent an enormous commercial burden for the poultry sector, at a global level. Commercial, as well as political and sanitary issues related to the circulation of AIV, prompted policymakers and intergovernmental health organizations to set subtype and pathotype-specific international standards to better control H5 and H7 outbreaks, as these subtypes might cause epidemics of huge proportions, in different poultry species [1] . On the other hand, AIV of the H9N2 subtype are not subject to specific international control measures, as they are considered of low-pathogenicity for poultry and their subtype has never mutated to the highly pathogenic form.", "project":"cdlai_CORD-19", "denotations":[]}