{"cord_uid":"26lvnqaq", "sourcedb":"PMC", "sourceid":"PMC6116506", "divid":16, "text":"We collected blood at a 1:1 ratio with Alsever's solution to prevent coagulation and clarified 50 mL by centrifugation at 2000 g for 30 min, at 4 °C to collect pelleted blood cells. Subsequently, we centrifuged the supernatant at 27 000 g for 2 h at 4 °C, and irrespective of the presence of a visible pellet, the bottom of the tube was washed with 1 mL of PBS, and the collected fluid was stored at −80 °C.", "project":"cdlai_CORD-19", "denotations":[]}