{"cord_uid":"26lvnqaq", "sourcedb":"PMC", "sourceid":"PMC6116506", "divid":53, "text":"Histological examinations described a mild superficial enteritis and a diffuse peritonitis with heterophilic and lymphoplasmacytic infiltration in the serosa of the duodenum of 2/4 subjects, on day 4 pi. Similarly, the cecal tonsils of these birds had a focal infiltrate of lymphoplasmacytic cells in the serosa. On day 6 pi, in 4/4 of the birds we recorded at the level of the duodenum a diffuse catarrho-erosive enteritis with a mild to moderate lymphoplasmacytic infiltration of the lamina propria, and in two of these animals we also observed a diffuse granulomatous peritonitis.", "project":"cdlai_CORD-19", "denotations":[]}