{"cord_uid":"442gq3k5", "sourcedb":"PMC", "sourceid":"PMC3050921", "divid":3, "text":"Conclusions: This case control study, the largest prospective epidemiological assessment of this disease, has identified the most important risk factors associated with S. suis bacterial meningitis to be eating 'high risk' dishes popular in parts of Asia, occupational exposure to pigs and pig products, and preparation of pork in the presence of skin lesions. These risk factors can be addressed in public health campaigns aimed at preventing S. suis infection. Citation: Ho DTN, Le TPT, Wolbers M, Cao QT, Nguyen VMH, et al. (2011) Risk Factors of Streptococcus suis Infection in Vietnam. A Case-Control Study. PLoS ONE 6(3): e17604.", "project":"cdlai_CORD-19", "denotations":[]}