{
   "cord_uid": "54lx7cl3",
   "sourcedb": "PMC",
   "sourceid": "PMC4801059",
   "divid": 1,
   "text": "Pneumonia is the leading cause of death among children less than 5 years old worldwide. A wide range of viral, bacterial and fungal agents can cause pneumonia: although viruses are the most common etiologic agent, the severity of clinical symptoms associated with bacterial pneumonia and increasing antibiotic resistance makes bacterial pneumonia a major public health concern. Bacterial pneumonia can follow upper respiratory viral infection and complicate lower respiratory viral infection. Secondary bacterial pneumonia is a major cause of influenza-related deaths. In this review, we evaluate the following hypotheses: (i) respiratory viruses influence the etiology of pneumonia by altering bacterial community structure in the upper respiratory tract (URT) and (ii) respiratory viruses promote or inhibit colonization of the lower respiratory tract (LRT) by certain bacterial species residing in the URT. We conducted a systematic review of the literature to examine temporal associations between respiratory viruses and bacteria and a targeted review to identify potential mechanisms of interactions. We conclude that viruses both alter the bacterial community in the URT and promote bacterial colonization of the LRT. However, it is uncertain whether changes in the URT bacterial community play a substantial role in pneumonia etiology. The exception is Streptococcus pneumoniae where a strong link between viral co-infection, increased carriage and pneumococcal pneumonia has been established. K E Y W O R D S : co-infection; ecology; pneumonia; influenza; Streptococcus pneumoniae review 95",
   "project": "cdlai_CORD-19", 
   "denotations": [
       {
           "id": "Symptom_COVID-19", 
           "span": {
              "begin":0,
              "end": 9
           }, 
           "obj": "https://www.ncbi.nlm.nih.gov/pmc/articles/PMC4801059/"
       },
       {
           "id": "Symptom_COVID-19", 
           "span": {
              "begin":149,
              "end": 158
           }, 
           "obj": "https://www.ncbi.nlm.nih.gov/pmc/articles/PMC4801059/"
       },
       {
           "id": "Symptom_COVID-19", 
           "span": {
              "begin":274,
              "end": 283
           }, 
           "obj": "https://www.ncbi.nlm.nih.gov/pmc/articles/PMC4801059/"
       },
       {
           "id": "Symptom_COVID-19", 
           "span": {
              "begin":337,
              "end": 346
           }, 
           "obj": "https://www.ncbi.nlm.nih.gov/pmc/articles/PMC4801059/"
       },
       {
           "id": "Symptom_COVID-19", 
           "span": {
              "begin":388,
              "end": 397
           }, 
           "obj": "https://www.ncbi.nlm.nih.gov/pmc/articles/PMC4801059/"
       },
       {
           "id": "Symptom_COVID-19", 
           "span": {
              "begin":513,
              "end": 522
           }, 
           "obj": "https://www.ncbi.nlm.nih.gov/pmc/articles/PMC4801059/"
       },
       {
           "id": "Symptom_COVID-19", 
           "span": {
              "begin":673,
              "end": 682
           }, 
           "obj": "https://www.ncbi.nlm.nih.gov/pmc/articles/PMC4801059/"
       },
       {
           "id": "Symptom_COVID-19", 
           "span": {
              "begin":1324,
              "end": 1333
           }, 
           "obj": "https://www.ncbi.nlm.nih.gov/pmc/articles/PMC4801059/"
       },
       {
           "id": "Symptom_COVID-19", 
           "span": {
              "begin":1375,
              "end": 1384
           }, 
           "obj": "https://www.ncbi.nlm.nih.gov/pmc/articles/PMC4801059/"
       },
       {
           "id": "Symptom_COVID-19", 
           "span": {
              "begin":1470,
              "end": 1479
           }, 
           "obj": "https://www.ncbi.nlm.nih.gov/pmc/articles/PMC4801059/"
       },
       {
           "id": "Symptom_COVID-19", 
           "span": {
              "begin":1543,
              "end": 1552
           }, 
           "obj": "https://www.ncbi.nlm.nih.gov/pmc/articles/PMC4801059/"
       },
       {
           "id": "Symptom_COVID-19", 
           "span": {
              "begin":1579,
              "end": 1588
           }, 
           "obj": "https://www.ncbi.nlm.nih.gov/pmc/articles/PMC4801059/"
       }
   ]
}