{"cord_uid":"54lx7cl3", "sourcedb":"PMC", "sourceid":"PMC4801059", "divid":9, "text":"Lung microbiome studies suggest that bacteria colonizing the LRT overlap with those found in the URT, but that the abundance of organisms is quite low [13] , and their role in pneumonia etiology has yet to be explored. To colonize the LRT, an organism must overcome mucociliary clearance and phagocytosis by resident alveolar macrophages, neutrophils and monocyte-derived macrophages [37, 38] , but many URT pathogens have developed strategies to overcome these barriers. H. influenzae, Mycoplasma pneumoniae and Bordetella pertussis resist mucociliary clearance by impairing ciliary function.", "project":"cdlai_CORD-19", "denotations":[{"id":"Symptom_Covid-19", "span":{"begin":176,"end":185}, "obj":"https://www.ncbi.nlm.nih.gov/pmc/articles/PMC4801059/"}]}