{
   "cord_uid": "56fc398e",
   "sourcedb": "PMC",
   "sourceid": "PMC4455802",
   "divid": 25,
   "text": "Simulations are carried out in the same way as detailed in §2d with the one exception that we only run outbreaks for the length of one infectious period. The increased transmissibility from the inclusion of markets results in substantially larger epidemics, and therefore one infectious cycle is sufficient to analyse the effects of the different sampling methods.",
   "project": "cdlai_CORD-19", 
   "denotations": []}