{"cord_uid":"56fc398e", "sourcedb":"PMC", "sourceid":"PMC4455802", "divid":24, "text":"In the UK, livestock has to be removed 4 h after the last market sale and consequently does not stay overnight at a livestock market [42] . Therefore, we assumed that cattle are moved on and off a market on the same day, and that an infectious market becomes susceptible again the following day. If this assumption were to be relaxed, the model could be altered by giving markets a longer infectious period.", "project":"cdlai_CORD-19", "denotations":[]}