{"cord_uid":"7bgerq3r", "sourcedb":"PMC", "sourceid":"PMC5968208", "divid":7, "text":"Only individuals who consented to participate in the study through a telephone call and gave written consent at the time of study initiation underwent surveys at local public health centers. Each participant responded to a questionnaire on exposure and provided a blood sample. Following the first serologic test by an enzymelinked immunospecific assay (ELISA), positive or borderline cases were tested using an immunofluorescence assay (IFA) and a plaque reduction neutralization antibody test (PRNT).", "project":"cdlai_CORD-19", "denotations":[]}