{"cord_uid":"7gkdday2", "sourcedb":"PMC", "sourceid":"PMC5367831", "divid":9, "text":"Two-tailed chi-square test (two by two table) was performed using http://www.openepi.com/ website to calculate the prevalence of the identified pathogens and coinfection frequencies in different age groups. The relative risk ratio (RR) and odds ratio (OR) were estimated at 95% confidence interval (CI). Fisher's exact test using GraphPad Prism 5.0 was done for comparison of pathogen frequencies between symptomatic and asymptomatic children as some of the values were less than five. A p-value of less than 0.05 was considered significant.", "project":"cdlai_CORD-19", "denotations":[]}