{
   "cord_uid": "7gkdday2",
   "sourcedb": "PMC",
   "sourceid": "PMC5367831",
   "divid": 33,
   "text": "The rest 6 of the 10 patients infected with Streptococcus species were hospitalized in August (n = 1), October (n = 1), November (n = 1), January (n = 1), and February (n = 2). Interestingly, circulation of all 3 (100%) H. influenzae isolates were confined in September. Unlike the above-mentioned bacterial pathogens which had a peak circulation in September, E. agglomerans had a peak circulation in August with only 2 (50%) patients.",
   "project": "cdlai_CORD-19", 
   "denotations": []}