{"cord_uid":"7gkdday2", "sourcedb":"PMC", "sourceid":"PMC5367831", "divid":2, "text":"Introduction Acute respiratory infections (ARIs), in particular, pneumonia, remain the persistent and pervasive deterrent to public health. It is responsible for substantial morbidity and mortality worldwide, especially in children <5 years of age. But the death rate due to ARI is mostly concentrated in developing regions like Africa and Southeast Asia. The World Health Organization (WHO) estimates that acute respiratory infections account for 1.9 to 2.2 million childhood deaths annually, with 70% occurring in Africa and Southeast Asia [1, 2] . The definition of ARI includes all infections of the respiratory tract. However, a majority of respiratory deaths are attributed to acute lower respiratory infections (ALRIs). The incidence of ALRIs in children aged less than 5 years is estimated to be 0.22 episodes per childyear, with most cases occurring in India, China, Pakistan, Bangladesh, Indonesia and Nigeria [3, 4] .", "project":"cdlai_CORD-19", "denotations":[{"id":"Symptom_Covid-19", "span":{"begin":65,"end":74}, "obj":"https://www.ncbi.nlm.nih.gov/pmc/articles/PMC5367831/"}]}