{
   "cord_uid": "7gkdday2",
   "sourcedb": "PMC",
   "sourceid": "PMC5367831",
   "divid": 3,
   "text": "The etiological agents for ARIs include bacteria, virus and fungi. The most commonly associated ARI-causing bacterial organisms are Streptococcus pneumoniae, Haemophilus influenzae, Staphylococcus aureus etc. Other atypical bacteria such as Mycoplasma pneumoniae, Chlamydophila pneumoniae, and Klebsiella pneumaniae are less frequently reported [5, 6] . Respiratory syncytial virus (RSV), influenza viruses type A and B, human parainfluenza viruses type 1, 2, and 3 (HPIV-1, HPIV-2 and HPIV-3), adenoviruses (ADV) and human metapneumoviruses (HMPV) are most frequently detected in children with ARIs [7, 8] . Respiratory viruses are considered as major contributors to ARI in children and they are associated with almost 60% of ALRIs [9] .",
   "project": "cdlai_CORD-19", 
   "denotations": [
       {
           "id": "Symptom_COVID-19", 
           "span": {
              "begin":146,
              "end": 155
           }, 
           "obj": "https://www.ncbi.nlm.nih.gov/pmc/articles/PMC5367831/"
       },
       {
           "id": "Symptom_COVID-19", 
           "span": {
              "begin":252,
              "end": 261
           }, 
           "obj": "https://www.ncbi.nlm.nih.gov/pmc/articles/PMC5367831/"
       },
       {
           "id": "Symptom_COVID-19", 
           "span": {
              "begin":278,
              "end": 287
           }, 
           "obj": "https://www.ncbi.nlm.nih.gov/pmc/articles/PMC5367831/"
       }
   ]
}