{
   "cord_uid": "88q36g00",
   "sourcedb": "PMC",
   "sourceid": "PMC6003913",
   "divid": 18,
   "text": "In conclusion, we have provided evidence that maternal H 2 administration reduced deficits in short-term memory and social interaction in the LPS-induced MIA model, and also demonstrated an attenuation of the LPS-induced neuronal and oligodendrocytic cell loss. Remarkably, the neuroprotective effect of H 2 appeared in the amygdala and cortex in this mouse model. The neuroprotection is thought to be due to the suppression of neuroinflammation, including excessive activation of microglia and astrocytes and the increased level of pro-inflammatory cytokines, as reported previously 12 . Although further investigation is required, our current and previous results point to the potential efficacy of maternal H 2 administration on the long-term neurological outcomes of offspring exposed to inflammation in utero.",
   "project": "cdlai_CORD-19", 
   "denotations": [
       {
           "id": "Symptom_COVID-19", 
           "span": {
              "begin":792,
              "end": 804
           }, 
           "obj": "https://www.ncbi.nlm.nih.gov/pmc/articles/PMC6003913/"
       }
   ]
}