{
   "cord_uid": "89pf7c5i",
   "sourcedb": "PMC",
   "sourceid": "PMC4462189",
   "divid": 59,
   "text": "The diagnostic procedure in cats positive to Leishmania infection should always be completed with Leishmania infantum can infect apparently healthy cats, and as with dogs, infection may persist with no clinical manifestations [88] . Since cats infected with L. infantum may not be sick and, therefore, not present any clinical signs, it is questionable whether healthy cats should be tested for this infection. In our opinion, cats with no clinical signs and/or clinicopathological abnormalities compatible with leishmaniosis should be tested for Leishmania infection if they are used as blood donors, since it has been shown for humans and dogs that blood products from infected individuals may transmit infection [89] . Antibody testing and blood PCR are advisable as indicated for dogs. Furthermore, testing can be done for exportation purposes to countries where leishmaniosis is not endemic and may require cats to be tested for infection before importation. Finally, cats with clinical conditions requiring immunosuppressive therapies should be preliminarily tested in endemic areas, as clinical cases of FeL were diagnosed in cats under long term immunosuppressive treatment.",
   "project": "cdlai_CORD-19", 
   "denotations": []}