{
   "cord_uid": "89pf7c5i",
   "sourcedb": "PMC",
   "sourceid": "PMC4462189",
   "divid": 66,
   "text": "In conclusion, currently, no scientific evidence concerning the best treatment for FeL is available, but more extensive clinical experience is available for treatment with allopurinol (10 mg/kg BID or 20 mg/ kg SID). The drug of choice to be used in FeL should nevertheless be based on the best compliance and safety for the cat with the alternatives of long term oral drug treatment (allopurinol) or a parenteral therapy (meglumine antimoniate). As there are no studies on the safety of these drugs in cats, it is recommended to strictly monitor the health status of animals under treatment by means of regular check- SC: subcutaneous; IM: intamuscular; PO: per os a a same cat was treated with the three different therapeutic regimens at subsequent times ups including urinalysis, and advising the owner to promptly report any abnormality.",
   "project": "cdlai_CORD-19", 
   "denotations": []}