{
   "cord_uid": "8gbktpt3",
   "sourcedb": "PMC",
   "sourceid": "PMC6950618",
   "divid": 13,
   "text": "Tissues (duodenum, jejunum, colon, liver, spleen, kidney, mesenteric lymph node, heart, lung, pancreas, brain and/or bone marrow) from 11 representative Australian FPL cases that had died or been euthanised, ranging in age from 8 weeks to 12 months, including one from Melbourne in 2014 and 10 from Sydney in 2017 and 2018, were available for histological examination. Tissues (intestine, +/− mesenteric lymph node) from six suspected cases of FPL from New Zealand were also examined. All tissues were collected post-mortem and animals were not euthanised for the purposes of this study.",
   "project": "cdlai_CORD-19", 
   "denotations": []}