{"cord_uid":"8gbktpt3", "sourcedb":"PMC", "sourceid":"PMC6950618", "divid":7, "text":"Australian case data were extracted from a national online companion animal disease surveillance-reporting database launched in January 2010 [10] and from the medical records of animal shelters and/or veterinary hospitals in outbreak regions for the period 1 January 2014 to 31 August 2018. Data recorded included case occurrence date, shelter location, shelter post code, age at diagnosis, sex, post code of owner residence or where found as a stray before entry into shelter, clinical signs at presentation, date of last vaccination, vaccination type (inactivated or modified live virus (MLV) vaccine), time interval between last vaccination and onset of clinical signs (days), method of diagnosis and outcome. Data obtained were searched to identify cases for which serial monitoring of faecal shedding of FPV or CPV using qPCR testing had been performed. Information about animal movements, biosecurity and vaccination protocols was obtained from shelter veterinarians and/or managers. New Zealand case data were obtained from one shelter, comprising summary data of case diagnoses for two FPL outbreaks occurring between 2016 and 2018 as well as individual data for 9 cases in which clinical samples were available for PCR and sequencing. Individual case data for UAE cases were available during the period of the outbreak in 2017.", "project":"cdlai_CORD-19", "denotations":[]}