{"cord_uid":"8gbktpt3", "sourcedb":"PMC", "sourceid":"PMC6950618", "divid":19, "text":"Age, sex and breed data were available for 399 FPL cases. The median age at diagnosis was 10 weeks (IQR 7-20 weeks; range 3 weeks-96 months). The frequency distribution of age at diagnosis is shown in Table 3 Males (49%) and females (51%) were equally represented among FPL cases. Most cats (98%) were domestic crossbred (domestic shorthair or domestic longhair). Data on specific clinical signs were available for 153 cats. The most common clinical signs were diarrhoea (54%), lethargy (48%), vomiting (36%), anorexia (27%), weight loss or failure to gain weight (14%) and sudden death (10%). Diarrhoea was reported to be haemorrhagic in 13 of 83 cats (16%) with diarrhoea. Overall mortality for all 610 cats was 95%, noting that cases diagnosed in shelters were routinely euthanised at diagnosis to contain the infection. ", "project":"cdlai_CORD-19", "denotations":[{"id":"Symptom_Covid-19", "span":{"begin":526,"end":537}, "obj":"https://www.ncbi.nlm.nih.gov/pmc/articles/PMC6950618/"}, {"id":"Symptom_Covid-19", "span":{"begin":494,"end":502}, "obj":"https://www.ncbi.nlm.nih.gov/pmc/articles/PMC6950618/"}]}