{
   "cord_uid": "8gbktpt3",
   "sourcedb": "PMC",
   "sourceid": "PMC6950618",
   "divid": 20,
   "text": "Two FPL outbreaks occurred in Wellington, New Zealand, in December 2016 and January 2018. The seasonal distribution of cases in the second outbreak is shown in Figure 3 . In total, 365 cases of FPL were diagnosed, including 167 in the first outbreak and 198 in the second. During both outbreaks, 8% of feline admissions to the shelter were diagnosed with FPL. The median age at diagnosis was 9 weeks (IQR 6-14 weeks, range 2-105 weeks). At diagnosis of FPL, 32% of cats were unvaccinated, 58% had received one vaccine, 8% had been vaccinated twice, and 2% had been vaccinated three times. The median time since the last vaccination was 7 days (IQR 4-11.5 days, range 1-36 days). The median time from shelter admission to diagnosis was 7 days (IQR 0-14 days, range 0-28 days).",
   "project": "cdlai_CORD-19", 
   "denotations": []}