{"cord_uid":"8gbktpt3", "sourcedb":"PMC", "sourceid":"PMC6950618", "divid":31, "text":"No littermates were affected, the cat recovered, and no other cases of suspected FPL were encountered in this region. Another sequence in this clade was from a 14-week-old stray kitten with vomiting, diarrhoea and failure to gain weight. The kitten, from a shelter in Melbourne, had been vaccinated 16 days before with the same MLV vaccine. It also tested positive on a multiplex qPCR faecal panel for Giardia spp. and Canine protoparvovirus 1. The third sequence was from an owned 8-week-old kitten in Sydney with acute onset vomiting and diarrhoea, vaccinated 3 days before (vaccine type unknown). Of the two closely related VP2 sequences, one (FPV_260) was from a 10-week-old kitten vaccinated 4 days before with the same vaccine strain, which presented for diarrhoea, vomiting and lethargy. It also tested positive for Giardia spp. on a faecal antigen test. The other (FPV_254) was from an unvaccinated stray 8-month-old cat that presented with vomiting, diarrhoea and anorexia and tested positive on a faecal CPV antigen test. Finally, two other Australian sequences-FPV 193/170 and Tasmania/2010-did not fall into a distinct clade but were relatively closely related to each other and to the vaccine cluster (clade D).", "project":"cdlai_CORD-19", "denotations":[{"id":"Symptom_Covid-19", "span":{"begin":190,"end":198}, "obj":"https://www.ncbi.nlm.nih.gov/pmc/articles/PMC6950618/"}, {"id":"Symptom_Covid-19", "span":{"begin":527,"end":535}, "obj":"https://www.ncbi.nlm.nih.gov/pmc/articles/PMC6950618/"}, {"id":"Symptom_Covid-19", "span":{"begin":772,"end":780}, "obj":"https://www.ncbi.nlm.nih.gov/pmc/articles/PMC6950618/"}, {"id":"Symptom_Covid-19", "span":{"begin":949,"end":957}, "obj":"https://www.ncbi.nlm.nih.gov/pmc/articles/PMC6950618/"}]}