{"cord_uid":"8gbktpt3", "sourcedb":"PMC", "sourceid":"PMC6950618", "divid":39, "text":"We were also able to analyse sequence data from a contemporaneous FPL outbreak in the UAE in 2018. This is the first study to characterise full-length VP2 sequences from the Middle East. Viruses most closely related to the UAE viruses, which formed a phylogenetically distinct lineage, were from a range of locations in Europe, Asia and the Americas, but the long lineage leading to the UAE viruses suggests that we have not yet sampled their ultimate ancestor.", "project":"cdlai_CORD-19", "denotations":[]}