{"cord_uid":"8gbktpt3", "sourcedb":"PMC", "sourceid":"PMC6950618", "divid":6, "text":"Inclusion criteria for cases of FPL were (i) clinical signs typical of FPL (lethargy, fever, hypothermia, anorexia, vomiting, diarrhoea and/or sudden death) and a positive confirmatory test (faecal CPV antigen test or PCR) or (ii) clinical signs typical of FPL in a cat from a shelter with a confirmed contemporaneous outbreak of FPL.", "project":"cdlai_CORD-19", "denotations":[{"id":"Symptom_Covid-19", "span":{"begin":86,"end":91}, "obj":"https://www.ncbi.nlm.nih.gov/pmc/articles/PMC6950618/"}, {"id":"Symptom_Covid-19", "span":{"begin":116,"end":124}, "obj":"https://www.ncbi.nlm.nih.gov/pmc/articles/PMC6950618/"}]}