{"cord_uid":"8gbktpt3", "sourcedb":"PMC", "sourceid":"PMC6950618", "divid":48, "text":"A seasonal pattern of FPL was identified in Australia and New Zealand, with an annual peak in case numbers from December to May. This pattern may reflect waning maternal immunity lagging two to three months behind the peak kitten births. Similar seasonality of FPL outbreaks was reported in the Northern Hemisphere, where seasons are inverted; case numbers peaked from July to December and were correlated with an influx of kittens born annually in spring and waning of maternal immunity over the subsequent two to three months [43] .", "project":"cdlai_CORD-19", "denotations":[]}