{
   "cord_uid": "987w6ypg",
   "sourcedb": "PMC",
   "sourceid": "PMC4251951",
   "divid": 13,
   "text": "To further support the finding that IFITMs are bona fide virion-associated proteins, supernatants obtained and purified after transfection of HEK293T cells with HIV-1 and IFITMs were layered onto a linear OptiprepTM gradient (5 to 20% w/v) and then ultracentrifuged for 45 minutes at 28,000 rpm for velocity gradient analyses. Aliquots were harvested from the top of the gradient, precipitated with TCA and analyzed by WB ( Figure 2D ). The signals obtained after WB were quantified by densitometry and were plotted here to indicate the percentage of each protein present in each fraction with respect to the overall protein present ( Figure 2D , for space constraint the graph is presented only for IFITM3). Under these conditions, more than 95% of the total IFITMs co-migrated with HIV-1 CA in velocity gradients. These results along with similar co-migration observed between these proteins upon linear sucrose equilibrium density gradients (data not shown) indicate that IFITMs are virion-associated proteins.",
   "project": "cdlai_CORD-19", 
   "denotations": []}