{"cord_uid":"987w6ypg", "sourcedb":"PMC", "sourceid":"PMC4251951", "divid":34, "text":"In conclusion, our study uncovers a novel interesting aspect of the biology of IFITMs and provides an interesting example of how a single restriction factor may interfere at two different steps of the viral life cycle using a seemingly similar mechanism. These findings may apply to other pathogens and yield a more complex view of the manner in which this emerging family of restriction factors can interfere with viral pathogens.", "project":"cdlai_CORD-19", "denotations":[]}