{
   "cord_uid": "987w6ypg",
   "sourcedb": "PMC",
   "sourceid": "PMC4251951",
   "divid": 10,
   "text": "To determine the extent of this phenotype, IFITMs were tested according to the same experimental approach described above using: HIV-1 vectors pseudotyped with the Gibbon ape leukemia virus envelope (GALV) and with the feline leukemia virus RD114 envelope (RD-TR, containing the cytoplasmic tail of the MLV amphotropic envelope for efficient pseudotyping of lentiviral particles, as described in [29] , Figure 1D ), or vectors derived from different GFP-coding retroviruses (simian immunodeficiency virus, SIV MAC ; murine leukemia virus, MLV) along with HIV-1, all pseudotyped with the pantropic Envelope VSVg ( Figure 1E ). After virus purification and normalization, viral particles were used to challenge HEK293T cells prior to flow cytometry analysis 3 days afterwards. Under these conditions, viruses produced in the presence of the different IFITMs displayed reduced infectivity that ranged from 90% in the case of SIV MAC -VSVg to 40% in the case of HIV-1-GALV or HIV-1-RD-TR. IFITM3 seemed to exert a lower effect on the infectivity of MLV-VSVg in comparison with IFITM1 and −2, yet this defect was clearly detectable and statistically significant. Overall, these results indicate that the expression of IFITMs during the phase of viral particles production impairs the infectivity of the retroviruses tested here.",
   "project": "cdlai_CORD-19", 
   "denotations": []}