{"cord_uid":"987w6ypg", "sourcedb":"PMC", "sourceid":"PMC4251951", "divid":32, "text":"Alternatively, IFITMs have been proposed to sterically rigidify membranes in which they insert leading to fusion inhibition, as recently proposed [26] . This hypothesis is supported by the finding that IFITMs can interact between themselves, although the extent of this multimerization has not been fully examined [49] . Whether these mechanisms are at play here and more importantly whether the same mechanism/s of inhibition is at play in target cells and in virion particles remains to be determined.", "project":"cdlai_CORD-19", "denotations":[]}