{"cord_uid":"98ljj0cy", "sourcedb":"PMC", "sourceid":"PMC4353318", "divid":2, "text":"First reported in the Kingdom of Saudi Arabia (KSA) in September 2012, Middle East respiratory syndrome coronavirus (MERS-CoV) is now frequently detected and causing high mortality among persons living or traveling in the Arabian Peninsula. 1 Retrospective testing has revealed that MERS-CoV was also circulating in Zarqa, Jordan as early as April 2012, causing at least 2 deaths and likely 7 close contact infections. 2 Since then, virus spread has seemingly increased. Between April 2012 and May 2014, there have been 536 reports of laboratory-confirmed human cases of MERS-CoV, of which, 145 (27%) have perished. 3 The majority of the initially reported cases of MERS-CoV in KSA were sporadic, associated with severe illness, and diagnosed in tertiary care hospitals. 3, 4 As surveillance efforts have expanded, a number of MERS-CoV cases with milder clinical disease have been recognized. In this study of archive sera, we sought to examine evidence that subclinical MERS-CoV infections may have occurred in early 2012.", "project":"cdlai_CORD-19", "denotations":[]}