{
   "cord_uid": "b78pccz5",
   "sourcedb": "PMC",
   "sourceid": "PMC4895703",
   "divid": 90,
   "text": "Over 2 million disability adjusted life years (DALY) are annually lost in the European Union due to compromised indoor air quality, but this burden of disease can be reduced by adjusting ventilation, filtration of intake air and by controlling indoor sources. All three approaches are able to provide substantial reductions in the health risks from approximately 20 % to almost 50%, corresponding to 400 000 and 900 000",
   "project": "cdlai_CORD-19", 
   "denotations": []}