{
   "cord_uid": "b78pccz5",
   "sourcedb": "PMC",
   "sourceid": "PMC4895703",
   "divid": 63,
   "text": "The third approach to optimizing ventilation for health focuses first on indoor sources of exposures. Now, instead of attempting to dilute these sources as they are, they are first assumed to be controlled by other means as much as technically feasible before optimizing the ventilation for health. The assumed control potentials for the considered pollutants were:",
   "project": "cdlai_CORD-19", 
   "denotations": []}