{"cord_uid":"b78pccz5", "sourcedb":"PMC", "sourceid":"PMC4895703", "divid":2, "text":"My main concern relates to the assumption made by the authors that indoor-generated PM2.5 is equally as harmful to health as outdoor-generated PM2.5. There is little evidence to support this (though it is quite a commonly made assumption). I would like to see some form of sensitivity analysis in relation to this assumption, since it may have an impact on the final results (though probably not on the ultimate conclusions).", "project":"cdlai_CORD-19", "denotations":[]}