{"cord_uid":"btuoin6d", "sourcedb":"PMC", "sourceid":"PMC7033854", "divid":0, "text":"Characteristics of fever and response to antipyretic therapy in military personnel with adenovirus-positive community- acquired pneumonia", "project":"cdlai_CORD-19", "denotations":[{"id":"Symptom_Covid-19", "span":{"begin":128,"end":137}, "obj":"https://www.ncbi.nlm.nih.gov/pmc/articles/PMC7033854/"}, {"id":"Symptom_Covid-19", "span":{"begin":19,"end":24}, "obj":"https://www.ncbi.nlm.nih.gov/pmc/articles/PMC7033854/"}]}