{"cord_uid":"btuoin6d", "sourcedb":"PMC", "sourceid":"PMC7033854", "divid":24, "text":"Our study had several limitations. First, our study was a retrospective design in a single-center, so confounding variables, such as antibiotics regimen or inconsistent timing of antipyretics administration, may have possibly affected the clinical course of fever or response to antipyretic treatment. Second, our study had few reflected unmeasurable variables, such as the genotype of adenovirus, so the difference in the severity of illness between the Adv and Non-Adv groups may have led to the difference in the characteristics of fever and its response to antipyretics. Third, we conducted our study in a military hospital, so our cohort was not representative of the general population, since the military environment has different characteristics, such as living environment, nutrition/immune status, and mode of pathogen spread. Fourth, there was selection bias in that all patients admitted with CAP could not have respiratory PCR tests performed; the examination was limited to an upper respiratory tract, and Adv serotype or viral burden analyses were not performed. Fifth, several potentially relevant pathogens were identified in the study patients. Thus, it is uncertain whether adenovirus was the "leading" pathogen in all patients with multiple pathogens that included adenovirus. Additionally, it is uncertain whether the patients with unknown pathogens were not infected with pathogens.", "project":"cdlai_CORD-19", "denotations":[{"id":"Symptom_Covid-19", "span":{"begin":258,"end":263}, "obj":"https://www.ncbi.nlm.nih.gov/pmc/articles/PMC7033854/"}, {"id":"Symptom_Covid-19", "span":{"begin":535,"end":540}, "obj":"https://www.ncbi.nlm.nih.gov/pmc/articles/PMC7033854/"}]}