{
   "cord_uid": "btuoin6d",
   "sourcedb": "PMC",
   "sourceid": "PMC7033854",
   "divid": 11,
   "text": "During the study period, there were 445 CAP patients admitted to the Armed Forces Chuncheon Hospital (Fig. 1 ). All patients were admitted via the emergency department. Out of 445 cases, 194 cases were excluded. The reasons for exclusion were no respiratory viral PCR test for 170 patients, incomplete data for 20 patients, immediately transferred to the tertiary medical center for two patients, and admission for treatment of underlying diseases for two patients. Two patients who were admitted suspicious combined to underlying disease managed to acute asthma exacerbation. Consequently, 251 patients were enrolled in this study, among whom 67 patients had a positive PCR test for adenovirus (Adv group), while 184 patients had a negative PCR test for adenovirus (Non-Adv group). Among the Non-Adv group patients, no pathogen was detected in 50 patients in all culture assays (unknown pathogen group), while 134 patients were diagnosed with other viruses, bacteria, and combined pathogens (Non-Adv group). Table 1 shows the baseline characteristics of the patients in the Adv and Non-Adv groups at admission. The median age was 21.6 years, and all patients were healthy males prior to the onset of illness. The number of current smokers was significantly higher in the Adv group than in the Non-Adv group (22.2% vs. 5.4%, respectively), with recent smokers (< 30 days) only identified in the Adv group (n = 4). A few patients had an underlying disease, such as asthma (n = 3), allergic rhinitis (n = 3), and pneumothorax (n = 2). No differences in the duration of symptoms and the time from symptom onset to admission were observed between the two groups (3.6 ± 1.8 d vs. 3.2 ± 2.3 d, P = 0.224). All patients had clinical symptoms and signs of upper or lower respiratory tract infection. Adv group patients showed more symptomatic instabilities, such as fever, cough, myalgia, headache, and nasal congestion. At admission, initial vital signs and pneumonia severity index (PSI) scores were not significantly different between the two groups.",
   "project": "cdlai_CORD-19", 
   "denotations": [
       {
           "id": "Symptom_COVID-19", 
           "span": {
              "begin":1951,
              "end": 1960
           }, 
           "obj": "https://www.ncbi.nlm.nih.gov/pmc/articles/PMC7033854/"
       },
       {
           "id": "Symptom_COVID-19", 
           "span": {
              "begin":1895,
              "end": 1911
           }, 
           "obj": "https://www.ncbi.nlm.nih.gov/pmc/articles/PMC7033854/"
       },
       {
           "id": "Symptom_COVID-19", 
           "span": {
              "begin":1865,
              "end": 1870
           }, 
           "obj": "https://www.ncbi.nlm.nih.gov/pmc/articles/PMC7033854/"
       },
       {
           "id": "Symptom_COVID-19", 
           "span": {
              "begin":1858,
              "end": 1863
           }, 
           "obj": "https://www.ncbi.nlm.nih.gov/pmc/articles/PMC7033854/"
       },
       {
           "id": "Symptom_COVID-19", 
           "span": {
              "begin":1881,
              "end": 1889
           }, 
           "obj": "https://www.ncbi.nlm.nih.gov/pmc/articles/PMC7033854/"
       },
       {
           "id": "Symptom_COVID-19", 
           "span": {
              "begin":1872,
              "end": 1879
           }, 
           "obj": "https://www.ncbi.nlm.nih.gov/pmc/articles/PMC7033854/"
       }
   ]
}