{"cord_uid":"btuoin6d", "sourcedb":"PMC", "sourceid":"PMC7033854", "divid":25, "text":"To the best of our knowledge, this is the first study to analyze the characteristics of fever and response to antipyretic therapy in immunocompetent adult patients with adenovirus-infected CAP. Patients in the Adv group had some clinical characteristics that were significantly different from those in the Non-Adv group, including a longer duration of fever, a high fever (over 39°C), and a higher proportion of no response to antipyretic treatment at admission. ", "project":"cdlai_CORD-19", "denotations":[{"id":"Symptom_Covid-19", "span":{"begin":88,"end":93}, "obj":"https://www.ncbi.nlm.nih.gov/pmc/articles/PMC7033854/"}, {"id":"Symptom_Covid-19", "span":{"begin":352,"end":357}, "obj":"https://www.ncbi.nlm.nih.gov/pmc/articles/PMC7033854/"}, {"id":"Symptom_Covid-19", "span":{"begin":366,"end":371}, "obj":"https://www.ncbi.nlm.nih.gov/pmc/articles/PMC7033854/"}]}