{"cord_uid":"bvnqn8pn", "sourcedb":"PMC", "sourceid":"PMC5660758", "divid":28, "text":"Moreover, specific allergen-avoidance measures should also be addressed to all sensitized patients, for example, removing furry animals from the house in case of pet dander allergy, encasing mattresses in allergen-impermeable covers to reduce house dust mites exposure, cleaning from surfaces indoor molds using bleach solutions, and reducing pollen indoor exposure by closing windows and doors during high pollen counts in pollen allergic patients [29] .", "project":"cdlai_CORD-19", "denotations":[]}