{
   "cord_uid": "bvnqn8pn",
   "sourcedb": "PMC",
   "sourceid": "PMC5660758",
   "divid": 10,
   "text": "The etiology of asthma exacerbations was considered as infectious if the episodes were concomitant to a respiratory tract illness documented by the clinical examination and/or laboratory or radiologic investigations; as allergic when there had been a clear exposition to a likely triggering allergen in a susceptible individual (known atopic or with a family history of allergic disease or with previous asthma episodes) and with no concomitant respiratory infection; as exerciseinduced when the exacerbation had been precipitated by physical activity; if no overt cause could be ascertained, the etiology was classified as \"unknown.\"",
   "project": "cdlai_CORD-19", 
   "denotations": []}