{"cord_uid":"bvnqn8pn", "sourcedb":"PMC", "sourceid":"PMC5660758", "divid":5, "text":"We performed a retrospective analysis of all the Pediatric ED visits for asthma in the past year in our hospital to analyze the differences among age groups in terms of triggering Table 1 : Classification of asthma severity according to the guidelines of the Italian Society of Pediatrics [8] . Normal values for respiratory rate: <2 months: <60 apm; 2-12 months: <50 apm; 1-5 yrs: <40 apm; 6-9 years: <30 apm; 10-14 yrs: <20 apm. Normal values for heart rate: 0-12 months: <160 bpm; 1-2 yrs: <120 bpm; 2-8 yrs: <110 bpm. Not all signs are needed for defining the severity of an exacerbation. apm: acts per minute; bpm: beats per minute; PEF: peak expiratory flow; FEV 1 : forced expiratory volume in the 1st second; SaO 2 : arterial oxygen saturation; PaCO 2 : partial pressure of carbon dioxide in arterial blood. factors and seasonality and to identify if there are any patients' groups which are more at risk of severe exacerbations and hospitalization.", "project":"cdlai_CORD-19", "denotations":[]}