{"cord_uid":"c3psvuzp", "sourcedb":"PMC", "sourceid":"PMC4038475", "divid":37, "text":"Residues evolving under positive selection in exon 30 of primate PARP4. 1 The largest PARP4 exon in the human reference sequence (NP_006428.2) is exon 30. Other primate species may have different exon numbering. Residue numbering corresponds to this reference sequence. 2 Residues with recurrent signatures of positive selection with a posterior probability greater than 0.95 were identified using a Bayes Empirical Bayes (BEB) analysis in PAML from the F364 codon frequency model. 3 Estimated dN/dS ratios from PAML. 4 Estimated errors for the indicated dN/dS ratio. (DOC)", "project":"cdlai_CORD-19", "denotations":[]}