{"cord_uid":"d1m2wv8r", "sourcedb":"PMC", "sourceid":"PMC4942776", "divid":40, "text":"The following rabbit antibodies were used: Ribosomal Protein S4X Polyclonal Antibody (YT4135), Ribosomal Protein L17 Polyclonal Antibody (YT4098), QM Polyclonal Antibody (YT3916), Histone H3.1 Polyclonal Antibody (YT2163), Laminin γ -1 Polyclonal Antibody (YT2531), GNL3L Polyclonal Antibody (YT1938), Ribosomal Protein L7 Polyclonal Antibody (YT4118), and β -Actin Polyclonal Antibody YT0099). All the rabbit antibodies were purchased from ImmunoWay Biotechnology Company. The Peroxidase AffiniPure goat Anti-Rabbit IgG was used as the secondary antibody (Jackson ImmunoResearch Lab.).", "project":"cdlai_CORD-19", "denotations":[]}