{"cord_uid":"e66o5j85", "sourcedb":"PMC", "sourceid":"PMC4687909", "divid":14, "text":"Crude population attributable fraction (PAF) was calculated after univariate logistic regression analysis to quantify the contribution of the each microorganism to pneumonia occurrence. Conceptuality, PAF permits the estimation of the proportional reduction in pneumonia occurrence that would occur if the pathogen was absent (alternative ideal scenario). The formula was the following:", "project":"cdlai_CORD-19", "denotations":[{"id":"Symptom_Covid-19", "span":{"begin":164,"end":173}, "obj":"https://www.ncbi.nlm.nih.gov/pmc/articles/PMC4687909/"}, {"id":"Symptom_Covid-19", "span":{"begin":261,"end":270}, "obj":"https://www.ncbi.nlm.nih.gov/pmc/articles/PMC4687909/"}]}