{"cord_uid":"e66o5j85", "sourcedb":"PMC", "sourceid":"PMC4687909", "divid":35, "text":"Community-acquired pneumonia was mainly attributable to S. pneumoniae, human metapneumovirus, RSV or influenza A among children in Mali. Increased pneumococcal conjugate vaccine coverage in children would significantly reduce the burden of pneumonia in this country. The addition of a control group to assess etiologies of pneumonia in children is critical to properly interpret the microbiological results of diagnostic testing with high sensitivity.", "project":"cdlai_CORD-19", "denotations":[{"id":"Symptom_Covid-19", "span":{"begin":19,"end":28}, "obj":"https://www.ncbi.nlm.nih.gov/pmc/articles/PMC4687909/"}, {"id":"Symptom_Covid-19", "span":{"begin":240,"end":249}, "obj":"https://www.ncbi.nlm.nih.gov/pmc/articles/PMC4687909/"}, {"id":"Symptom_Covid-19", "span":{"begin":323,"end":332}, "obj":"https://www.ncbi.nlm.nih.gov/pmc/articles/PMC4687909/"}]}