{"cord_uid":"e66o5j85", "sourcedb":"PMC", "sourceid":"PMC4687909", "divid":3, "text":"Overall, 118 cases and 98 controls were analyzed; 44.1% were female, median age was 11 months. Among pneumonia cases, 30.5% were hypoxemic at admission, mortality was 4.2%. Pneumonia cases differed from the controls regarding clinical signs and symptoms but not in terms of past medical history. Multivariate analysis of nasal swab findings disclosed that S. pneumoniae (adjusted odds ratio [aOR] = 3.4, 95% confidence interval [95% CI]: 1.6-7.0), human metapneumovirus (aOR = 17.2, 95% CI: 2.0-151.4), respiratory syncytial virus [RSV] (aOR = 7.4, 95% CI: 2.3-23.3), and influenza A virus (aOR = 10.7, 95% CI: 1.0-112.2) were associated with pneumonia, independently of patient age, gender, PLOS ONE |", "project":"cdlai_CORD-19", "denotations":[{"id":"Symptom_Covid-19", "span":{"begin":101,"end":110}, "obj":"https://www.ncbi.nlm.nih.gov/pmc/articles/PMC4687909/"}, {"id":"Symptom_Covid-19", "span":{"begin":173,"end":182}, "obj":"https://www.ncbi.nlm.nih.gov/pmc/articles/PMC4687909/"}, {"id":"Symptom_Covid-19", "span":{"begin":643,"end":652}, "obj":"https://www.ncbi.nlm.nih.gov/pmc/articles/PMC4687909/"}]}