{"cord_uid":"eeljt0ur", "sourcedb":"PMC", "sourceid":"PMC5423899", "divid":24, "text":"cOnclUsiOn Results of this study suggest that gastrointestinal therapeutic diets alone can be effective in the management of cats with chronic vomiting associated with a chronic gastroenteropathy. Cats that do not respond to dietary therapy require further diagnostics and/or medical therapy to adequately characterize and manage the underlying disease. Additionally, cats that do not respond to gastrointestinal formulas may respond to diets formulated with limited novel ingredients or hydrolyzed protein sources.", "project":"cdlai_CORD-19", "denotations":[{"id":"Symptom_Covid-19", "span":{"begin":143,"end":151}, "obj":"https://www.ncbi.nlm.nih.gov/pmc/articles/PMC5423899/"}]}