{"cord_uid":"eeljt0ur", "sourcedb":"PMC", "sourceid":"PMC5423899", "divid":10, "text":"All contrasts performed using the mixed-effects models were corrected for the multiple comparisons using stepwise correction, to achieve a family wise error rate of 5% within each measure. The hypothesis tests of correlations were corrected using the false discovery rate method of Benjamini-Hochberg, to the 5% level. These analyses were performed in R v3.2.0 (10) statistical software with libraries lme4 (11) and multcomp (12) .", "project":"cdlai_CORD-19", "denotations":[]}