{"cord_uid":"ff7dg890", "sourcedb":"PMC", "sourceid":"PMC1181873", "divid":1, "text":"Mathematical models have become invaluable management tools for epidemiologists, both shedding light on the mechanisms underlying observed dynamics as well as making quantitative predictions on the effectiveness of different control measures. Here, we explain how substantial biases are introduced by two important, yet largely ignored, assumptions at the core of the vast majority of such models.", "project":"cdlai_CORD-19", "denotations":[]}