{"cord_uid":"fl6wlhjs", "sourcedb":"PMC", "sourceid":"PMC2203979", "divid":13, "text":"The data of interest consist of daily counts of ED visits and chest radiographs taken between January 1st, 2003 and September 9th, 2004, in five metropolitan children's hospitals in the Midwest of the USA (Minneapolis/St. Paul, Milwaukee, Chicago, Akron, and Columbus), supplemented with time series of daily average temperature, obtained from the Average Daily Temperature Archive at The University of Dayton [15] . These series are shown in Figure 1 . There seems to be strong seasonal component in the chest radiograph and visit series, for all the cities, which is negatively correlated with temperature. Although it could be argued that we do not have enough years of data to prove this empirically, it is expected that a higher number of respiratory complaints is associated with colder temperatures.", "project":"cdlai_CORD-19", "denotations":[]}