{"cord_uid":"h145cxlp", "sourcedb":"PMC", "sourceid":"PMC4683816", "divid":16, "text":"After onset of ARI symptoms, children were admitted to hospital after a median interval of 3.0 days; 83 % were transferred to the PICU on the day of hospital admission or the following day (Table 2) . Two long-term hospitalized children (4.2 %) required PICU treatment due to ARI and were diagnosed with suspected nosocomial influenza A(H1N1)pdm09 infection. Median length of PICU stay was 3.0 days and median length of total hospital stay was 7.5 days (Table 2) .", "project":"cdlai_CORD-19", "denotations":[]}