{"cord_uid":"i7v9l6ii", "sourcedb":"PMC", "sourceid":"PMC4067073", "divid":2, "text":"Participants were recruited mainly at work places (e.g. Biotech companies, Universities, Stockholm Public Transport), and during open-days at LifeGene centers where retirees and children were also invited to join in the study. The participants responded to a baseline web questionnaire addressing existing medical conditions, medication, previous seasonal flu vaccination, physical contact with other people, travelling patterns, physical activity and the intake of supplements. The study participants reported via a web questionnaire (flu event questionnaire) their flu-like symptoms (fever, headache, tiredness, cough, sore throat, runny or stuffy nose, body aches, diarrhoea, vomiting) during the 2009/2010 flu season, and responded to a follow-up web questionnaire (including pandemic flu vaccination status) in spring 2010. Serum and heparin blood samples were drawn at study entry and after the flu season in spring 2010. Prepaid envelopes and nasal swabs were also provided to the participants at study entry and they were invited to use them at the onset of ILI symptoms and send them back for analysis as described below. If the participant's swab was identified with any influenza RNA or corona virus DNA, a home visit (the mean time between the first swab and the home visit was 2,5 weeks) was performed to sample one nasal swab and a blood sample from the index study participant as well as from the household members after they agreed on an informed consent. The study was approved by the regional ethics review board (DN 2009(DN /1183 and each individual study participant provided informed consent.", "project":"cdlai_CORD-19", "denotations":[{"id":"Symptom_Covid-19", "span":{"begin":621,"end":632}, "obj":"https://www.ncbi.nlm.nih.gov/pmc/articles/PMC4067073/"}, {"id":"Symptom_Covid-19", "span":{"begin":614,"end":619}, "obj":"https://www.ncbi.nlm.nih.gov/pmc/articles/PMC4067073/"}, {"id":"Symptom_Covid-19", "span":{"begin":586,"end":591}, "obj":"https://www.ncbi.nlm.nih.gov/pmc/articles/PMC4067073/"}, {"id":"Symptom_Covid-19", "span":{"begin":593,"end":601}, "obj":"https://www.ncbi.nlm.nih.gov/pmc/articles/PMC4067073/"}, {"id":"Symptom_Covid-19", "span":{"begin":656,"end":666}, "obj":"https://www.ncbi.nlm.nih.gov/pmc/articles/PMC4067073/"}, {"id":"Symptom_Covid-19", "span":{"begin":603,"end":612}, "obj":"https://www.ncbi.nlm.nih.gov/pmc/articles/PMC4067073/"}, {"id":"Symptom_Covid-19", "span":{"begin":603,"end":612}, "obj":"https://www.ncbi.nlm.nih.gov/pmc/articles/PMC4067073/"}, {"id":"Symptom_Covid-19", "span":{"begin":679,"end":687}, "obj":"https://www.ncbi.nlm.nih.gov/pmc/articles/PMC4067073/"}]}