{"cord_uid":"i7v9l6ii", "sourcedb":"PMC", "sourceid":"PMC4067073", "divid":5, "text":"All participants in the study were provided four Σ-VIROCULT swabs and transport media vials (MW950S, Medical Wire and Equipment, Wiltshire, England) during the first blood draw and instructions on how to use the nasal swab. If study participants experienced ILI symptoms, they took a nasal swab and posted the material which was tested for 22 viral targets (Supplementary Table S1) as described in detail 2 .", "project":"cdlai_CORD-19", "denotations":[]}