{"cord_uid":"izxhiusf", "sourcedb":"PMC", "sourceid":"PMC3420249", "divid":44, "text":"Another limitation is the small patient cohort. Due to the multiple exclusion criteria applied, the patients included in the analysis represented only 1,2 % of children seen in our clinic because of persistent respiratory symptoms. Nevertheless, analysis of this highly selected population without structural causes of impaired mucus clearance, enabled us to evaluate the association between bacterial bronchial infection, neutrophilic inflammation and symptoms resistant to ICS therapy.", "project":"cdlai_CORD-19", "denotations":[{"id":"Symptom_Covid-19", "span":{"begin":210,"end":230}, "obj":"https://www.ncbi.nlm.nih.gov/pmc/articles/PMC3420249/"}, {"id":"Symptom_Covid-19", "span":{"begin":436,"end":448}, "obj":"https://www.ncbi.nlm.nih.gov/pmc/articles/PMC3420249/"}]}