{"cord_uid":"izxhiusf", "sourcedb":"PMC", "sourceid":"PMC3420249", "divid":7, "text":"From clinical experience and scientific reports, it is apparent that preschool wheezers are a heterogeneous group of which only part will benefit from the use of ICS [8] [9] [10] . Several authors recommend an extensive work-up in ICS non-responders, including gastrooesophageal reflux and allergy testing, sweat chloride test and bronchoscopy with bronchoalveolar lavage (FOB + BAL) to evaluate for underlying structural anomalies, comorbidities, underlying genetic disorders and an infectious etiology [2, 5, 6, 9, 10] .", "project":"cdlai_CORD-19", "denotations":[]}