{"cord_uid":"jx518gz3", "sourcedb":"PMC", "sourceid":"PMC3447300", "divid":3, "text":"The H5N1 subtype of highly pathogenic avian influenza (HPAI) A virus has frequently infected wild and domestic ducks in Asia, causing huge economic damage to both poultry farms and governments in the affected countries. Most avian influenza viruses do not infect humans, but the 1997 outbreak of the H5N1 virus in Hong Kong [1, 2] alerted the medical community that some subtypes of avian influenza viruses include highly pathogenic strains that can affect humans. In this influenza virus outbreak, there were 6 deaths in the 18 human cases caused by the H5N1 subtype [3] . As of August 2, 2010, WHO has identified 502 human cases of H5N1 influenza around the world, and 298 of these were fatal [4] . In particular, H5N1 outbreaks have occurred recently in Egypt, Indonesia, and Vietnam. Therefore, H5N1 influenza virus can cause serious public health problems in birds and humans and is one of the most infectious avian diseases transmissible to humans.", "project":"cdlai_CORD-19", "denotations":[]}