{"cord_uid":"leaj1t3k", "sourcedb":"PMC", "sourceid":"PMC4033964", "divid":18, "text":"PPMOs appear to be generally well tolerated by cultured cells and animal recipients. However, some studies reported toxicity in cell culture with increase of PPMO dose [66] or longer period of exposure [66, 75] , and in vivo toxicity as the treatment dose increased, usually at doses higher than antiviral ones [67] . The peptide moiety of PPMOs seems to contribute to this toxicity. When Deas et al. tested both PMO and PPMO against WNV in mice, they found that mice could tolerate higher doses of PMO compared to PPMO (3 mg against 300 μg, respectively) [67] . Mice treated with high doses of PPMO would suffer from weight loss and develop abnormal behavior and smaller livers. Besides dosedependent toxicity, the schedule of treatment regimen may also affect PPMO toxicity: while Burrer et al. did not document any treatment-associated toxicity when PPMOs were administered to healthy mice, they observed significant toxicity when PPMO treatment was given after MHV challenge [63] . Lupfer et a l. reported abnormal infiltration of mouse lungs by immune system cells when PPMO targeting FLUAV was administered at higher doses [83] . The authors hypothesized that the arginine-rich CPP mimics the eosinophil major basic protein, also rich in arginine residues, in triggering the migration of inflammatory cells.", "project":"cdlai_CORD-19", "denotations":[{"id":"Symptom_Covid-19", "span":{"begin":618,"end":629}, "obj":"https://www.ncbi.nlm.nih.gov/pmc/articles/PMC4033964/"}]}