{"cord_uid":"leaj1t3k", "sourcedb":"PMC", "sourceid":"PMC4033964", "divid":13, "text":"Cell culture assays consistently showed that PPMO readily entered infected cells and could specifically and strongly inhibit viral replication. Fluorescein-labeled PPMOs accumulated in the nucleus but were present throughout the cells [66, 79] . Lai et al. [79] reported punctuate foci of signal in the cell cytoplasm which might be indicative of endosomal entrapment of PPMO.", "project":"cdlai_CORD-19", "denotations":[]}