{"cord_uid":"ltlmj824", "sourcedb":"PMC", "sourceid":"PMC6831962", "divid":3, "text":"We conducted a cross-sectional study in January 2016 to assess whether LPHC and EMS workers were infected and to determine their degree of exposure. The participants had contact with MERS-confirmed patients or their specimens during the outbreak and volunteered to participate in this study. The survey, which was a face-to-face interview, examined subjects' general characteristics, professional responsibilities, contact history, symptoms after exposure and use of PPE.", "project":"cdlai_CORD-19", "denotations":[]}