{"cord_uid":"ltlmj824", "sourcedb":"PMC", "sourceid":"PMC6831962", "divid":6, "text":"Thirty-four workers participated in the study ( Table 1) : 31 from 11 LPHCs and three from two EMS units. Twenty (58.8%) responders were male; their mean age was 44 (34-56.7) years. Twenty-five participants (73.5%) occupied health-related positions: 11 (32.4%) general health-care staff, 6 (17.6%) nurses, 4 (11.8%) doctors, 3 (8.8%) paramedics and 1 medical laboratory technologist (2.6%). Nine participants (26.5%) were non-health-related workers: 5 (14.7%) technicians, 2 (5.9%) administrators, 1 (2.9%) agricultural worker and 1 (2.9%) unknown.", "project":"cdlai_CORD-19", "denotations":[]}