{"cord_uid":"otf9ruvj", "sourcedb":"PMC", "sourceid":"PMC5827994", "divid":23, "text":"Patients treated with IVIG stayed for a median of 24.5 days in the ICU (5 to 89 days) and 28.5 days in the Fig. 1 ). Forty-three percent (12 out of 28) of these patients died; three patients died within the first week due to cerebral hemorrhage (n = 2) or multiorgan failure due to septic shock (n = 1). The control patients spent a median of 24 days in the ICU (1 to 56 days) and 27 days in the hospital (1 to 88 days); 52% (15 out of 29) of these patients died. Five patients died during within first week due to cerebral hemorrhage, heart failure, subarachnoidal bleeding (polytrauma), and hypoxic brain injury 24 h after admission, and others died of multiorgan failure due to acute pancreatitis.", "project":"cdlai_CORD-19", "denotations":[]}