{"cord_uid":"p95vzcoy", "sourcedb":"PMC", "sourceid":"PMC6920936", "divid":25, "text":"Although the data suggest that DWV prevails and replicates in M. rubra and that it also occurs in field-collected samples, it provides no insights on pathogenicity. Neither abnormalities in colony development nor individual clinical symptoms in workers were observed. Additional studies are therefore required to understand if and how honeybee viruses might affect M. rubra or other predators/scavengers.", "project":"cdlai_CORD-19", "denotations":[]}