{"cord_uid":"payjduek", "sourcedb":"PMC", "sourceid":"PMC6652017", "divid":6, "text":"A 7-month old boy was admitted to the paediatric ward of Bintulu Hospital in Sarawak with a 4-day history of fever and 1 day of rash. His past medical history had been unremarkable and he had been thriving well. He had received BCG vaccination (BCG-Japan, Tokyo 172 strain) at birth, at the same hospital. According to his mother, a papule had developed at the inoculation site which had then healed completely to form a scar in the months prior to the admission. He had not received measles vaccination.", "project":"cdlai_CORD-19", "denotations":[{"id":"Symptom_Covid-19", "span":{"begin":109,"end":114}, "obj":"https://www.ncbi.nlm.nih.gov/pmc/articles/PMC6652017/"}]}