{"cord_uid":"pj330wn4", "sourcedb":"PMC", "sourceid":"PMC3607980", "divid":2, "text":"Methods: Digital video files of motile ciliated ependymal (frequency range 34 to 52 Hz) and respiratory epithelial cells (frequency 3 to 18 Hz) were captured using a high-speed digital video recorder. To cover the range above between 18 and 37 Hz the frequency of ependymal cilia were slowed by the addition of the pneumococcal toxin pneumolysin. Measurements made directly by timing a given number of individual ciliary beat cycles were compared with those obtained using the automated ciliaFA system.", "project":"cdlai_CORD-19", "denotations":[]}