{"cord_uid":"rn84e3ur", "sourcedb":"PMC", "sourceid":"PMC4133625", "divid":38, "text":"In case 2 and 3, it was assumed that the moving person would walk through the aisle at a constant speed during each cough of the index patient. However, all of the three movement behaviors (moving speed of 0, 0.5 and 1.0 m/s during each cough) might happen during the flight and the movement of the moving person may not be so frequently. To verify whether a combination of case 1~3 may be more likely to happen in the real case, a range of combinations of case 1~3 are also investigated in the likelihood analysis according to Eq. (3):", "project":"cdlai_CORD-19", "denotations":[{"id":"Symptom_Covid-19", "span":{"begin":116,"end":121}, "obj":"https://www.ncbi.nlm.nih.gov/pmc/articles/PMC4133625/"}, {"id":"Symptom_Covid-19", "span":{"begin":237,"end":242}, "obj":"https://www.ncbi.nlm.nih.gov/pmc/articles/PMC4133625/"}]}