{"cord_uid":"skavefji", "sourcedb":"PMC", "sourceid":"PMC4019586", "divid":4, "text":"Conclusions: Cellular analysis of BAL fluid can aid early differential diagnosis of bacterial pneumonia from viral pneumonia in critically ill patients.", "project":"cdlai_CORD-19", "denotations":[{"id":"Symptom_Covid-19", "span":{"begin":94,"end":103}, "obj":"https://www.ncbi.nlm.nih.gov/pmc/articles/PMC4019586/"}, {"id":"Symptom_Covid-19", "span":{"begin":115,"end":124}, "obj":"https://www.ncbi.nlm.nih.gov/pmc/articles/PMC4019586/"}]}