{"cord_uid":"skavefji", "sourcedb":"PMC", "sourceid":"PMC4019586", "divid":8, "text":"Pneumonia was defined as the presence of an acute infiltrate on a chest radiograph and at least one of the following: fever (temperature $38.0uC) or hypothermia (temperature ,35.0uC), cough, pleuritic chest pain, dyspnea, and altered breath sounds on auscultation [15] . Pneumonia was categorized as communityacquired pneumonia (CAP), healthcare-associated pneumonia (HCAP), or hospital-acquired pneumonia (HAP), as defined previously [16, 17] .", "project":"cdlai_CORD-19", "denotations":[{"id":"Symptom_Covid-19", "span":{"begin":0,"end":9}, "obj":"https://www.ncbi.nlm.nih.gov/pmc/articles/PMC4019586/"}, {"id":"Symptom_Covid-19", "span":{"begin":271,"end":280}, "obj":"https://www.ncbi.nlm.nih.gov/pmc/articles/PMC4019586/"}, {"id":"Symptom_Covid-19", "span":{"begin":318,"end":327}, "obj":"https://www.ncbi.nlm.nih.gov/pmc/articles/PMC4019586/"}, {"id":"Symptom_Covid-19", "span":{"begin":357,"end":366}, "obj":"https://www.ncbi.nlm.nih.gov/pmc/articles/PMC4019586/"}, {"id":"Symptom_Covid-19", "span":{"begin":396,"end":405}, "obj":"https://www.ncbi.nlm.nih.gov/pmc/articles/PMC4019586/"}, {"id":"Symptom_Covid-19", "span":{"begin":184,"end":189}, "obj":"https://www.ncbi.nlm.nih.gov/pmc/articles/PMC4019586/"}, {"id":"Symptom_Covid-19", "span":{"begin":118,"end":123}, "obj":"https://www.ncbi.nlm.nih.gov/pmc/articles/PMC4019586/"}]}