{"cord_uid":"ux38431n", "sourcedb":"PMC", "sourceid":"PMC4391708", "divid":15, "text":"All of the samples were collected from inpatient children with SARI at hospitals in Beijing (n = 259) and Zhejiang Province (n = 293) from 2007 to 2010. The age and gender distributions are shown in Table 1 . The median age of this population is 7 and 7.5 months, respectively. The demographic characteristics of the Northern and Eastern Chinese population were matched well, and no significant differences were observed regarding gender and age distribution (P > 0.05).", "project":"cdlai_CORD-19", "denotations":[]}