{"cord_uid":"v07oosd2", "sourcedb":"PMC", "sourceid":"PMC5437690", "divid":23, "text":"It has been reported that China is the country with the greatest use of colistin in pigs worldwide [17] , although we did not find any reports in the literature on surveys of colistin use in this country in the post-weaning period. Overall, colistin is widely used in the management of the PWD, with a lot of differences between countries in terms of quantities used and modality of administration [18] .", "project":"cdlai_CORD-19", "denotations":[]}