{"cord_uid":"v07oosd2", "sourcedb":"PMC", "sourceid":"PMC5437690", "divid":37, "text":"In pigs, PWD can be controlled using various preventive strategies without using antimicrobials (Table 3) . Feed supplements such as zinc oxide, organic acids, pre-probiotics, synbiotics, dehydrated porcine plasma, antimicrobial peptides, specific egg yolk and bacteriophages [31, 89, [106] [107] [108] [109] [110] have been used in weanling pigs to enhance growth, feed efficiency and to reduce PWD. Here we give an overview of these feed strategies, focusing on the most used practices showing clinical effectiveness in reducing symptoms of PWD and ETEC attachment to enterocytes.", "project":"cdlai_CORD-19", "denotations":[]}