{"cord_uid":"v07oosd2", "sourcedb":"PMC", "sourceid":"PMC5437690", "divid":56, "text":"Others: Several studies have documented a significant improvement of weight gain, and feed conversion, as well as the reduction of the incidence, severity and duration of diarrhea in weaned pigs fed diets supplemented with substances such as: exogenous enzymes [147] , milk products [148] , clay minerals [149] , and medicinal plants [150] . Although many peer-reviewed studies discussing these substances are available in the scientific literature, most of the clinical studies were performed in experimental conditions. More research is needed to evaluate the potential effectiveness of these substances under field conditions for the control of PWD in pigs.", "project":"cdlai_CORD-19", "denotations":[{"id":"Symptom_Covid-19", "span":{"begin":171,"end":179}, "obj":"https://www.ncbi.nlm.nih.gov/pmc/articles/PMC5437690/"}]}