{"cord_uid":"v07oosd2", "sourcedb":"PMC", "sourceid":"PMC5437690", "divid":34, "text":"Moreover, effective diagnostic tools are essential for veterinarians to confirm the bacterial etiology of PWD and to determine the antimicrobial susceptibility of the identified bacterial strain. The laboratory diagnosis is particularly important in PWD to avoid the inappropriate use of antimicrobials. DNA-based molecular detection methods such multiplex PCR based on the detection of ETEC virulence genes are rapidly becoming part of the routine laboratory diagnosis of PWD, and these genes are used as a biomarkers of ETEC strain [7, 58] .", "project":"cdlai_CORD-19", "denotations":[]}