{"cord_uid":"v07oosd2", "sourcedb":"PMC", "sourceid":"PMC5437690", "divid":27, "text":"Reduced colistin usage in livestock and particularly in swine is highly promoted worldwide and is required in Europe as a public health measure to reduce colistin resistance spread, and to prevent the loss of polymyxins effectiveness in human medicine [25] . Furthermore, concurrent treatment with colistin in piglets was associated with the isolation of resistant bacteria from the earliest days of treatment [28] . Almost all studies conducted on isolates from pigs worldwide to screen mcr-1 gene presence in enterobacterial species reported that colistin resistant isolates harboring this gene also showed resistance to one or several classes of antimicrobials conventionally used in swine such as: aminoglycoside, sulphonamide, trimethoprim, tetracycline, quinolone, lincosamide, β-lactam, and third generation cephalosporin [83] [84] [85] [86] .", "project":"cdlai_CORD-19", "denotations":[]}