{"cord_uid":"x665uk1d", "sourcedb":"PMC", "sourceid":"PMC4072776", "divid":19, "text":"The nuclear DNA of eukaryotic cells is mostly modified by methylation and interacts with various nuclear proteins such as histone proteins [36, 37, 38, 39] . Figure 6 shows that 3D8 scFv did not hydrolyze methylated or histone-bound DNA when the activity of 3D8 scFv was ,1.4610 24 U/ml. This result indicates that chromosomal DNA in the nucleus was protected from 3D8 scFv because chromosomal DNA is mostly methylated and histone-bound., 3D8 scFv proteins in SCH07072 cells are expressed at lower working concentrations than we tested in our in vitro analysis shown in Figure 6 .", "project":"cdlai_CORD-19", "denotations":[]}