{"cord_uid":"zgywyubf", "sourcedb":"PMC", "sourceid":"PMC3506457", "divid":18, "text":"The ORF2 protein of HEV has traditionally been believed to associate with genomic RNA, multimerize and form the viral capsid. No other function of ORF2 protein has yet been reported. In this article, we present evidence which suggest that the ORF2 protein may be playing an important regulatory role during the viral life cycle. The fact that the observed phenomenon was not an artifact of the experimental setup was evident from multiple experiments. First, ORF2 was capable of directly interacting with the F-box protein βTRCP, both in vitro and in vivo. Second, Δ35 ORF2 mutant that is unable to translocate to the endoplasmic reticulum (ER), was also capable of inhibiting NF-κB activity, thus ruling out the possibility of ER stress induced artifact. Third, ORF3 protein of HEV was unable to elicit such a function in parallel experiments.", "project":"cdlai_CORD-19", "denotations":[]}