{
   "cord_uid": "31996494",
   "sourcedb": "PMC",
   "sourceid": "PMC31996494",
   "divid": 0,
   "text": "Drug treatment options for the 2019-new coronavirus (2019-nCoV). ",
   "project": "cdlai_CORD-19", 
   "denotations": [
       {
           "id": "Virus_SARS-CoV-2", 
           "span": {
              "begin":31,
              "end": 51
           }, 
           "obj": "n/a"
       },
       {
           "id": "Virus_SARS-CoV-2", 
           "span": {
              "begin":53,
              "end": 62
           }, 
           "obj": "n/a"
       }
   ]
}