{
  "lang":"en",
  "name":"core_sci_sm",
  "version":"0.2.4",
  "spacy_version":">=2.2.1",
  "description":"Spacy Models for Biomedical Text.",
  "author":"Allen Institute for Artificial Intelligence",
  "email":"ai2-info@allenai.org",
  "url":"https://allenai.github.io/SciSpaCy/",
  "license":"CC BY-SA 3.0",
  "vectors":{
    "width":0,
    "vectors":0,
    "keys":0,
    "name":"spacy_pretrained_vectors"
  },
  "pipeline":[
    "tagger",
    "parser",
    "ner"
  ],
  "labels":{
    "tagger":[
      "$",
      "''",
      ",",
      "-LRB-",
      "-RRB-",
      ".",
      ":",
      "ADD",
      "AFX",
      "CC",
      "CD",
      "DT",
      "EX",
      "FW",
      "HYPH",
      "IN",
      "JJ",
      "JJR",
      "JJS",
      "LS",
      "MD",
      "NFP",
      "NN",
      "NNP",
      "NNPS",
      "NNS",
      "PDT",
      "POS",
      "PRP",
      "PRP$",
      "RB",
      "RBR",
      "RBS",
      "RP",
      "SYM",
      "TO",
      "UH",
      "VB",
      "VBD",
      "VBG",
      "VBN",
      "VBP",
      "VBZ",
      "WDT",
      "WP",
      "WP$",
      "WRB",
      "XX",
      "_SP",
      "``"
    ],
    "parser":[
      "ROOT",
      "acl",
      "acl:relcl",
      "acomp",
      "advcl",
      "advmod",
      "agent",
      "amod",
      "appos",
      "attr",
      "aux",
      "auxpass",
      "case",
      "cc",
      "cc:preconj",
      "ccomp",
      "compound",
      "conj",
      "cop",
      "csubj",
      "csubjpass",
      "dative",
      "dep",
      "det",
      "det:predet",
      "dobj",
      "expl",
      "intj",
      "mark",
      "meta",
      "mwe",
      "neg",
      "nmod",
      "nmod:npmod",
      "nmod:poss",
      "npadvmod",
      "nsubj",
      "nsubjpass",
      "nummod",
      "oprd",
      "parataxis",
      "pcomp",
      "pobj",
      "poss",
      "preconj",
      "predet",
      "prep",
      "prt",
      "punct",
      "quantmod",
      "relcl",
      "xcomp"
    ],
    "ner":[
      "ENTITY"
    ]
  },
  "sources":[
    "OntoNotes 5",
    "Common Crawl",
    "GENIA 1.0"
  ],
  "speed":{
    "gpu":null,
    "nwords":35639,
    "cpu":14026.2705242479
  }
}